Country name,year,Life Ladder,Log GDP per capita,Social support,Healthy life expectancy at birth,Freedom to make life choices,Generosity,Perceptions of corruption,Positive affect,Negative affect
Afghanistan,2011,3.832,7.620,0.521,51.920,0.496,0.162,0.731,0.611,0.267
Afghanistan,2012,3.783,7.705,0.521,52.240,0.531,0.236,0.776,0.710,0.268
Afghanistan,2013,3.572,7.725,0.484,52.560,0.578,0.061,0.823,0.621,0.273
Afghanistan,2014,3.131,7.718,0.526,52.880,0.509,0.104,0.871,0.532,0.375
Afghanistan,2015,3.983,7.702,0.529,53.200,0.389,0.080,0.881,0.554,0.339
Afghanistan,2016,4.220,7.697,0.559,53.000,0.523,0.042,0.793,0.565,0.348
Afghanistan,2017,2.662,7.697,0.491,52.800,0.427,-0.121,0.954,0.496,0.371
Afghanistan,2018,2.694,7.692,0.508,52.600,0.374,-0.094,0.928,0.424,0.405
Afghanistan,2019,2.375,7.697,0.420,52.400,0.394,-0.108,0.924,0.351,0.502
Albania,2011,5.867,9.331,0.759,66.680,0.487,-0.205,0.877,0.628,0.257
Albania,2012,5.510,9.347,0.785,66.960,0.602,-0.169,0.848,0.607,0.271
Albania,2013,4.551,9.359,0.759,67.240,0.632,-0.127,0.863,0.634,0.338
Albania,2014,4.814,9.378,0.626,67.520,0.735,-0.025,0.883,0.685,0.335
Albania,2015,4.607,9.403,0.639,67.800,0.704,-0.081,0.885,0.688,0.350
Albania,2016,4.511,9.437,0.638,68.100,0.730,-0.017,0.901,0.675,0.322
Albania,2017,4.640,9.476,0.638,68.400,0.750,-0.029,0.876,0.669,0.334
Albania,2018,5.004,9.518,0.684,68.700,0.824,0.009,0.899,0.713,0.319
Albania,2019,4.995,9.544,0.686,69.000,0.777,-0.099,0.914,0.681,0.274
Albania,2020,5.365,9.497,0.710,69.300,0.754,0.007,0.891,0.679,0.265
Argentina,2011,6.776,10.112,0.889,67.480,0.816,-0.174,0.755,0.840,0.232
Argentina,2012,6.468,10.091,0.902,67.660,0.747,-0.148,0.817,0.857,0.272
Argentina,2013,6.582,10.103,0.910,67.840,0.737,-0.130,0.823,0.842,0.254
Argentina,2014,6.671,10.067,0.918,68.020,0.745,-0.164,0.854,0.857,0.238
Argentina,2015,6.697,10.083,0.926,68.200,0.881,-0.174,0.851,0.859,0.305
Argentina,2016,6.427,10.051,0.883,68.400,0.848,-0.192,0.851,0.842,0.312
Argentina,2017,6.039,10.067,0.907,68.600,0.832,-0.186,0.841,0.809,0.292
Argentina,2018,5.793,10.032,0.900,68.800,0.846,-0.211,0.855,0.820,0.321
Argentina,2019,6.086,10.000,0.896,69.000,0.817,-0.211,0.830,0.826,0.319
Argentina,2020,5.901,9.850,0.897,69.200,0.823,-0.122,0.816,0.764,0.342
Armenia,2011,4.260,9.182,0.705,65.360,0.465,-0.225,0.875,0.475,0.459
Armenia,2012,4.320,9.249,0.676,65.520,0.502,-0.215,0.893,0.518,0.464
Armenia,2013,4.277,9.277,0.723,65.680,0.504,-0.195,0.900,0.562,0.450
Armenia,2014,4.453,9.307,0.739,65.840,0.506,-0.218,0.920,0.581,0.404
Armenia,2015,4.348,9.334,0.723,66.000,0.551,-0.203,0.901,0.594,0.438
Armenia,2016,4.325,9.333,0.709,66.300,0.611,-0.170,0.921,0.594,0.437
Armenia,2017,4.288,9.402,0.698,66.600,0.614,-0.147,0.865,0.625,0.437
Armenia,2018,5.062,9.451,0.814,66.900,0.808,-0.163,0.677,0.581,0.455
Armenia,2019,5.488,9.522,0.782,67.200,0.844,-0.172,0.583,0.598,0.430
Australia,2011,7.406,10.733,0.967,72.300,0.945,0.369,0.382,0.816,0.195
Australia,2012,7.196,10.754,0.945,72.400,0.935,0.274,0.368,0.811,0.214
Australia,2013,7.364,10.762,0.928,72.500,0.933,0.269,0.432,0.819,0.177
Australia,2014,7.289,10.772,0.924,72.600,0.923,0.319,0.442,0.775,0.245
Australia,2015,7.309,10.779,0.952,72.700,0.922,0.332,0.357,0.790,0.210
Australia,2016,7.250,10.791,0.942,73.000,0.922,0.239,0.399,0.791,0.236
Australia,2017,7.257,10.798,0.950,73.300,0.911,0.317,0.411,0.780,0.225
Australia,2018,7.177,10.811,0.940,73.600,0.916,0.146,0.405,0.759,0.187
Australia,2019,7.234,10.815,0.943,73.900,0.918,0.121,0.430,0.770,0.202
Australia,2020,7.137,10.760,0.937,74.200,0.905,0.210,0.491,0.769,0.205
Austria,2011,7.471,10.887,0.944,71.540,0.939,0.132,0.703,0.789,0.145
Austria,2012,7.401,10.889,0.945,71.680,0.920,0.118,0.771,0.822,0.157
Austria,2013,7.499,10.883,0.950,71.820,0.922,0.168,0.679,0.787,0.163
Austria,2014,6.950,10.882,0.899,71.960,0.885,0.118,0.567,0.780,0.170
Austria,2015,7.076,10.881,0.928,72.100,0.900,0.099,0.557,0.798,0.164
Austria,2016,7.048,10.891,0.926,72.400,0.889,0.080,0.524,0.756,0.197
Austria,2017,7.294,10.908,0.906,72.700,0.890,0.133,0.518,0.748,0.180
Austria,2018,7.396,10.928,0.912,73.000,0.904,0.053,0.523,0.752,0.226
Austria,2019,7.195,10.939,0.964,73.300,0.903,0.060,0.457,0.774,0.205
Austria,2020,7.213,10.851,0.925,73.600,0.912,0.011,0.464,0.769,0.206
Azerbaijan,2011,4.680,9.540,0.725,63.640,0.537,-0.105,0.795,0.536,0.258
Azerbaijan,2012,4.911,9.549,0.762,63.880,0.599,-0.140,0.763,0.554,0.266
Azerbaijan,2013,5.481,9.592,0.770,64.120,0.672,-0.168,0.699,0.619,0.242
Azerbaijan,2014,5.252,9.607,0.799,64.360,0.733,-0.208,0.654,0.598,0.220
Azerbaijan,2015,5.147,9.606,0.786,64.600,0.764,-0.198,0.616,0.607,0.206
Azerbaijan,2016,5.304,9.564,0.777,64.900,0.713,-0.204,0.607,0.598,0.191
Azerbaijan,2017,5.152,9.555,0.787,65.200,0.731,-0.225,0.653,0.592,0.198
Azerbaijan,2018,5.168,9.562,0.781,65.500,0.772,-0.232,0.561,0.593,0.191
Azerbaijan,2019,5.173,9.575,0.887,65.800,0.854,-0.214,0.457,0.643,0.164
Bahrain,2011,4.824,10.696,0.908,66.580,0.870,-0.051,0.583,0.544,0.514
Bahrain,2012,5.027,10.716,0.911,66.860,0.682,,0.438,0.589,0.381
Bahrain,2013,6.690,10.757,0.884,67.140,0.809,,0.525,0.768,0.306
Bahrain,2014,6.165,10.783,,67.420,,,,,
Bahrain,2015,6.007,10.785,0.853,67.700,0.850,0.112,,0.716,0.303
Bahrain,2016,6.170,10.781,0.863,68.100,0.889,0.088,,0.787,0.283
Bahrain,2017,6.227,10.771,0.876,68.500,0.906,0.136,,0.814,0.290
Bahrain,2019,7.098,10.715,0.878,69.300,0.907,0.048,,0.762,0.317
Bahrain,2020,6.173,10.620,0.848,69.700,0.945,0.132,,0.790,0.297
Bangladesh,2011,4.986,8.018,0.606,61.120,0.838,-0.069,0.757,0.685,0.235
Bangladesh,2012,4.724,8.070,0.582,61.540,0.668,-0.034,0.765,0.714,0.183
Bangladesh,2013,4.660,8.116,0.530,61.960,0.742,-0.016,0.743,0.619,0.246
Bangladesh,2014,4.636,8.164,0.577,62.380,0.736,-0.098,0.789,,0.231
Bangladesh,2015,4.633,8.216,0.601,62.800,0.815,-0.068,0.721,0.635,0.226
Bangladesh,2016,4.556,8.274,0.649,63.300,0.875,-0.089,0.688,0.560,0.235
Bangladesh,2017,4.310,8.334,0.713,63.800,0.896,0.012,0.635,0.569,0.214
Bangladesh,2018,4.499,8.399,0.706,64.300,0.901,-0.043,0.701,0.541,0.361
Bangladesh,2019,5.114,8.467,0.673,64.800,0.902,-0.051,0.656,0.537,0.369
Bangladesh,2020,5.280,8.472,0.739,65.300,0.777,-0.009,0.742,0.582,0.332
Belarus,2011,5.225,9.812,0.910,62.880,0.656,-0.168,0.672,0.521,0.249
Belarus,2012,5.749,9.830,0.902,63.460,0.645,-0.217,0.657,0.523,0.181
Belarus,2013,5.876,9.839,0.923,64.040,0.723,-0.177,0.653,0.609,0.206
Belarus,2014,5.812,9.856,0.880,64.620,0.647,-0.048,0.682,0.619,0.209
Belarus,2015,5.719,9.815,0.924,65.200,0.623,-0.091,0.669,0.584,0.184
Belarus,2016,5.178,9.788,0.927,65.500,0.658,-0.125,0.664,0.554,0.182
Belarus,2017,5.553,9.814,0.900,65.800,0.621,-0.122,0.654,0.541,0.233
Belarus,2018,5.234,9.846,0.905,66.100,0.644,-0.174,0.718,0.450,0.236
Belarus,2019,5.821,9.860,0.917,66.400,0.657,-0.186,0.546,0.591,0.190
Belgium,2011,7.111,10.783,0.937,70.920,0.880,-0.014,0.711,0.835,0.225
Belgium,2012,6.935,10.784,0.927,71.040,0.855,-0.050,0.758,0.820,0.238
Belgium,2013,7.104,10.784,0.909,71.160,0.891,0.017,0.574,0.797,0.217
Belgium,2014,6.855,10.795,0.944,71.280,0.861,0.001,0.512,0.798,0.252
Belgium,2015,6.904,10.810,0.885,71.400,0.869,0.062,0.469,0.805,0.240
Belgium,2016,6.949,10.819,0.929,71.600,0.866,-0.056,0.497,0.765,0.260
Belgium,2017,6.928,10.834,0.922,71.800,0.857,0.054,0.543,0.786,0.234
Belgium,2018,6.892,10.844,0.930,72.000,0.808,-0.125,0.630,0.750,0.250
Belgium,2019,6.772,10.853,0.884,72.200,0.776,-0.172,0.672,0.733,0.244
Belgium,2020,6.839,10.771,0.904,72.400,0.767,-0.164,0.634,0.647,0.260
Benin,2011,3.870,7.904,0.477,51.980,0.773,-0.142,0.849,0.626,0.219
Benin,2012,3.193,7.923,0.523,52.260,0.769,-0.111,0.806,0.583,0.231
Benin,2013,3.479,7.964,0.577,52.540,0.783,-0.085,0.856,0.702,0.216
Benin,2014,3.347,7.998,0.506,52.820,0.776,-0.096,0.855,0.590,0.273
Benin,2015,3.625,7.988,0.434,53.100,0.733,-0.027,0.850,0.592,0.373
Benin,2016,4.007,7.993,0.493,53.500,0.780,-0.065,0.838,0.608,0.456
Benin,2017,4.853,8.021,0.436,53.900,0.727,-0.065,0.767,0.615,0.458
Benin,2018,5.820,8.059,0.504,54.300,0.713,0.002,0.747,0.647,0.468
Benin,2019,4.976,8.098,0.442,54.700,0.770,-0.016,0.698,0.659,0.441
Benin,2020,4.408,8.102,0.507,55.100,0.783,-0.083,0.532,0.609,0.305
Bolivia,2011,5.779,8.831,0.817,61.340,0.782,-0.039,0.825,0.761,0.361
Bolivia,2012,6.019,8.865,0.781,61.680,0.862,-0.015,0.840,0.782,0.409
Bolivia,2013,5.767,8.915,0.803,62.020,0.846,-0.067,0.812,0.759,0.410
Bolivia,2014,5.865,8.953,0.821,62.360,0.881,0.018,0.832,0.809,0.398
Bolivia,2015,5.834,8.985,0.829,62.700,0.884,-0.030,0.862,0.786,0.393
Bolivia,2016,5.770,9.012,0.796,63.000,0.882,-0.047,0.853,0.783,0.376
Bolivia,2017,5.651,9.039,0.779,63.300,0.884,-0.120,0.819,0.698,0.434
Bolivia,2018,5.916,9.066,0.827,63.600,0.863,-0.093,0.786,0.742,0.387
Bolivia,2019,5.674,9.074,0.784,63.900,0.881,-0.086,0.857,0.751,0.419
Bolivia,2020,5.559,8.998,0.805,64.200,0.877,-0.054,0.868,0.790,0.382
Bosnia and Herzegovina,2011,4.995,9.333,0.725,66.740,0.333,-0.035,0.925,0.596,0.326
Bosnia and Herzegovina,2012,4.773,9.342,0.779,66.780,0.420,-0.013,0.953,0.548,0.338
Bosnia and Herzegovina,2013,5.124,9.382,0.767,66.820,0.390,0.042,0.970,0.544,0.315
Bosnia and Herzegovina,2014,5.249,9.411,0.788,66.860,0.412,0.232,0.976,0.531,0.262
Bosnia and Herzegovina,2015,5.117,9.457,0.656,66.900,0.631,-0.055,0.960,0.534,0.286
Bosnia and Herzegovina,2016,5.181,9.500,0.808,67.200,0.633,0.134,0.957,0.641,0.304
Bosnia and Herzegovina,2017,5.090,9.532,0.775,67.500,0.564,0.092,0.923,0.597,0.271
Bosnia and Herzegovina,2018,5.887,9.576,0.836,67.800,0.659,0.123,0.913,0.643,0.277
Bosnia and Herzegovina,2019,6.016,9.609,0.873,68.100,0.722,0.079,0.963,0.633,0.238
Bosnia and Herzegovina,2020,5.516,9.583,0.899,68.400,0.740,0.138,0.916,0.644,0.325
Botswana,2011,3.520,9.600,0.860,53.680,0.813,-0.250,0.816,0.739,0.160
Botswana,2012,4.836,9.632,0.837,54.460,0.799,-0.203,0.814,0.773,0.171
Botswana,2013,4.128,9.728,0.856,55.240,0.767,-0.154,0.749,0.698,0.244
Botswana,2014,4.031,9.756,0.859,56.020,0.791,-0.105,0.743,0.674,0.245
Botswana,2015,3.762,9.724,0.816,56.800,0.857,-0.116,0.860,0.746,0.261
Botswana,2016,3.499,9.748,0.768,57.500,0.852,-0.253,0.729,0.686,0.252
Botswana,2017,3.505,9.756,0.768,58.200,0.817,-0.248,0.731,0.656,0.276
Botswana,2018,3.461,9.778,0.795,58.900,0.818,-0.254,0.807,0.730,0.267
Botswana,2019,3.471,9.785,0.774,59.600,0.833,-0.239,0.792,0.712,0.273
Brazil,2011,7.038,9.637,0.916,64.760,0.834,-0.072,0.662,0.807,0.268
Brazil,2012,6.660,9.647,0.890,65.020,0.849,,0.623,0.755,0.350
Brazil,2013,7.140,9.668,0.910,65.280,0.785,-0.095,0.707,0.818,0.276
Brazil,2014,6.981,9.664,0.898,65.540,0.714,-0.115,0.710,0.788,0.274
Brazil,2015,6.547,9.620,0.907,65.800,0.799,-0.016,0.771,0.755,0.325
Brazil,2016,6.375,9.578,0.912,66.000,0.807,-0.100,0.781,0.763,0.302
Brazil,2017,6.333,9.583,0.905,66.200,0.765,-0.175,0.794,0.716,0.308
Brazil,2018,6.191,9.589,0.882,66.400,0.751,-0.117,0.763,0.750,0.350
Brazil,2019,6.451,9.592,0.899,66.600,0.830,-0.062,0.762,0.761,0.337
Brazil,2020,6.110,9.522,0.831,66.800,0.786,-0.053,0.729,0.692,0.389
Bulgaria,2011,3.875,9.795,0.860,65.800,0.664,-0.228,0.948,0.534,0.271
Bulgaria,2012,4.222,9.804,0.838,65.900,0.641,-0.172,0.938,0.573,0.237
Bulgaria,2013,3.993,9.813,0.829,66.000,0.603,-0.191,0.962,0.623,0.278
Bulgaria,2014,4.438,9.838,0.886,66.100,0.576,-0.055,0.955,0.628,0.236
Bulgaria,2015,4.865,9.883,0.908,66.200,0.637,-0.200,0.941,0.643,0.214
Bulgaria,2016,4.838,9.928,0.926,66.400,0.700,-0.170,0.936,0.622,0.172
Bulgaria,2017,5.097,9.969,0.942,66.600,0.689,-0.154,0.911,0.614,0.189
Bulgaria,2018,5.099,10.007,0.924,66.800,0.724,-0.176,0.952,0.639,0.189
Bulgaria,2019,5.108,10.047,0.948,67.000,0.822,-0.109,0.943,0.663,0.200
Bulgaria,2020,5.598,9.991,0.916,67.200,0.818,-0.004,0.901,0.706,0.221
Burkina Faso,2011,4.785,7.487,0.710,50.240,0.725,-0.105,0.707,0.579,0.205
Burkina Faso,2012,3.955,7.520,0.744,50.780,0.622,-0.070,0.726,0.545,0.300
Burkina Faso,2013,3.326,7.546,0.745,51.320,0.741,-0.016,0.765,0.630,0.287
Burkina Faso,2014,3.481,7.559,0.742,51.860,0.710,-0.004,0.801,0.614,0.256
Burkina Faso,2015,4.419,7.568,0.705,52.400,0.659,0.004,0.693,0.579,0.359
Burkina Faso,2016,4.206,7.596,0.764,52.900,0.645,-0.001,0.721,0.616,0.337
Burkina Faso,2017,4.647,7.627,0.785,53.400,0.614,-0.063,0.727,0.585,0.354
Burkina Faso,2018,4.927,7.665,0.665,53.900,0.721,-0.013,0.757,0.711,0.343
Burkina Faso,2019,4.741,7.691,0.683,54.400,0.678,-0.004,0.729,0.691,0.365
Cambodia,2011,4.161,7.960,0.716,58.880,0.927,0.418,0.775,0.799,0.308
Cambodia,2012,3.899,8.014,0.606,59.260,0.956,0.247,0.890,0.820,0.352
Cambodia,2013,3.674,8.068,0.651,59.640,0.941,0.164,0.812,0.792,0.440
Cambodia,2014,3.883,8.121,0.693,60.020,0.938,0.239,0.843,0.783,0.482
Cambodia,2015,4.162,8.173,0.729,60.400,0.956,0.210,0.825,0.813,0.399
Cambodia,2016,4.461,8.225,0.746,60.800,0.958,0.076,0.840,0.839,0.398
Cambodia,2017,4.586,8.276,0.765,61.200,0.964,0.088,0.821,0.799,0.408
Cambodia,2018,5.122,8.333,0.795,61.600,0.958,0.036,,0.845,0.414
Cambodia,2019,4.998,8.387,0.759,62.000,0.957,0.013,0.828,0.844,0.390
Cambodia,2020,4.377,8.362,0.724,62.400,0.963,0.052,0.863,0.878,0.390
Cameroon,2011,4.434,8.048,0.738,48.700,0.817,-0.029,0.870,0.598,0.272
Cameroon,2012,4.245,8.065,0.743,49.100,0.766,-0.032,0.898,0.618,0.284
Cameroon,2013,4.271,8.090,0.760,49.500,0.794,-0.030,0.867,0.681,0.268
Cameroon,2014,4.240,8.120,0.778,49.900,0.795,-0.071,0.856,0.623,0.216
Cameroon,2015,5.038,8.149,0.646,50.300,0.791,0.049,0.868,0.651,0.346
Cameroon,2016,4.816,8.167,0.659,51.100,0.713,-0.003,0.879,0.662,0.367
Cameroon,2017,5.074,8.176,0.695,51.900,0.767,-0.028,0.844,0.632,0.377
Cameroon,2018,5.251,8.190,0.677,52.700,0.816,0.036,0.884,0.642,0.356
Cameroon,2019,4.937,8.203,0.711,53.500,0.712,-0.008,0.817,0.629,0.326
Cameroon,2020,5.241,8.175,0.720,54.300,0.675,0.049,0.837,0.630,0.386
Canada,2011,7.426,10.738,0.922,72.360,0.951,0.253,0.433,0.881,0.248
Canada,2012,7.415,10.744,0.948,72.520,0.918,0.290,0.466,0.857,0.229
Canada,2013,7.594,10.757,0.936,72.680,0.916,0.316,0.406,0.851,0.263
Canada,2014,7.304,10.775,0.918,72.840,0.939,0.270,0.442,0.833,0.259
Canada,2015,7.413,10.774,0.939,73.000,0.931,0.253,0.427,0.845,0.286
Canada,2016,7.245,10.773,0.924,73.200,0.912,0.211,0.385,0.825,0.237
Canada,2017,7.415,10.792,0.934,73.400,0.945,0.163,0.362,0.863,0.218
Canada,2018,7.175,10.798,0.923,73.600,0.946,0.106,0.372,0.824,0.259
Canada,2019,7.109,10.800,0.925,73.800,0.912,0.112,0.436,0.822,0.285
Canada,2020,7.025,10.730,0.931,74.000,0.887,0.050,0.434,0.796,0.307
Chad,2011,4.393,7.425,0.819,45.420,0.540,0.031,0.876,0.591,0.289
Chad,2012,4.033,7.476,0.673,45.740,0.563,-0.034,0.884,0.527,0.316
Chad,2013,3.508,7.498,0.714,46.060,0.488,-0.045,0.882,0.462,0.314
Chad,2014,3.460,7.532,0.733,46.380,0.567,-0.070,0.881,0.536,0.329
Chad,2015,4.323,7.527,0.751,46.700,0.474,-0.029,0.889,0.607,0.358
Chad,2016,4.029,7.431,0.616,47.200,0.525,0.052,0.820,0.582,0.468
Chad,2017,4.559,7.370,0.661,47.700,0.615,0.008,0.792,0.628,0.538
Chad,2018,4.486,7.363,0.577,48.200,0.650,0.024,0.763,0.553,0.544
Chad,2019,4.251,7.365,0.640,48.700,0.537,0.055,0.832,0.587,0.460
Chile,2011,6.526,9.980,0.819,69.040,0.701,0.112,0.753,0.804,0.317
Chile,2012,6.599,10.023,0.855,69.180,0.734,0.195,0.782,0.815,0.288
Chile,2013,6.740,10.053,0.862,69.320,0.737,0.085,0.741,0.855,0.285
Chile,2014,6.844,10.059,0.862,69.460,0.733,0.217,0.758,0.870,0.276
Chile,2015,6.533,10.070,0.827,69.600,0.769,0.041,0.812,0.803,0.333
Chile,2016,6.579,10.074,0.841,69.700,0.652,0.102,0.858,0.869,0.283
Chile,2017,6.320,10.072,0.880,69.800,0.790,-0.020,0.836,0.838,0.291
Chile,2018,6.436,10.097,0.890,69.900,0.789,-0.060,0.816,0.833,0.276
Chile,2019,5.942,10.095,0.869,70.000,0.659,-0.103,0.860,0.809,0.337
Chile,2020,6.151,10.020,0.888,70.100,0.781,0.033,0.812,0.815,0.336
China,2011,5.037,9.179,0.787,67.760,0.824,-0.186,,0.820,0.134
China,2012,5.095,9.249,0.788,67.920,0.808,-0.185,,0.821,0.159
China,2013,5.241,9.319,0.778,68.080,0.805,-0.158,,0.836,0.142
China,2014,5.196,9.386,0.820,68.240,,-0.217,,0.854,0.112
China,2015,5.304,9.449,0.794,68.400,,-0.244,,0.809,0.171
China,2016,5.325,9.510,0.742,68.700,,-0.228,,0.826,0.146
China,2017,5.099,9.571,0.772,69.000,0.878,-0.175,,0.821,0.214
China,2018,5.131,9.632,0.788,69.300,0.895,-0.159,,0.856,0.190
China,2019,5.144,9.688,0.822,69.600,0.927,-0.173,,0.891,0.147
China,2020,5.771,9.702,0.808,69.900,0.891,-0.103,,0.789,0.245
Colombia,2011,6.464,9.442,0.904,65.920,0.811,-0.073,0.847,0.832,0.286
Colombia,2012,6.375,9.471,0.914,66.140,0.828,-0.009,0.868,0.846,0.294
Colombia,2013,6.607,9.512,0.901,66.360,0.841,-0.071,0.898,0.851,0.278
Colombia,2014,6.449,9.546,0.907,66.580,0.801,-0.090,0.887,0.847,0.278
Colombia,2015,6.388,9.564,0.890,66.800,0.791,-0.100,0.843,0.839,0.292
Colombia,2016,6.234,9.571,0.882,67.100,0.835,-0.100,0.898,0.794,0.294
Colombia,2017,6.157,9.569,0.909,67.400,0.838,-0.157,0.875,0.837,0.299
Colombia,2018,5.984,9.579,0.871,67.700,0.851,-0.148,0.855,0.825,0.301
Colombia,2019,6.350,9.598,0.873,68.000,0.822,-0.172,0.854,0.822,0.322
Colombia,2020,5.709,9.495,0.797,68.300,0.840,-0.085,0.808,0.795,0.340
Congo (Brazzaville),2011,4.510,8.180,0.637,54.580,0.745,-0.109,0.833,0.621,0.288
Congo (Brazzaville),2012,3.919,8.192,0.622,54.960,0.773,-0.112,0.800,0.564,0.323
Congo (Brazzaville),2013,3.955,8.201,0.680,55.340,0.726,-0.078,0.752,0.610,0.291
Congo (Brazzaville),2014,4.056,8.242,0.686,55.720,0.662,-0.110,0.808,0.595,0.400
Congo (Brazzaville),2015,4.691,8.243,0.642,56.100,0.850,-0.104,0.841,0.606,0.261
Congo (Brazzaville),2016,4.119,8.190,0.615,56.700,0.786,-0.072,0.790,0.610,0.304
Congo (Brazzaville),2017,4.884,8.146,0.655,57.300,0.778,-0.131,0.763,0.599,0.382
Congo (Brazzaville),2018,5.490,8.136,0.621,57.900,0.699,-0.092,0.738,0.588,0.448
Congo (Brazzaville),2019,5.213,8.101,0.625,58.500,0.686,-0.046,0.741,0.645,0.405
Costa Rica,2011,7.229,9.705,0.892,69.900,0.926,-0.033,0.837,0.876,0.269
Costa Rica,2012,7.272,9.740,0.902,70.100,0.929,0.046,0.794,0.897,0.263
Costa Rica,2013,7.158,9.751,0.902,70.300,0.898,0.018,0.813,0.850,0.278
Costa Rica,2014,7.247,9.775,0.914,70.500,0.927,0.010,0.788,0.837,0.290
Costa Rica,2015,6.854,9.799,0.878,70.700,0.907,-0.059,0.761,0.850,0.286
Costa Rica,2016,7.136,9.830,0.901,70.900,0.873,-0.032,0.781,0.874,0.281
Costa Rica,2017,7.225,9.858,0.922,71.100,0.936,-0.076,0.742,0.874,0.275
Costa Rica,2018,7.141,9.874,0.876,71.300,0.942,-0.107,0.781,0.870,0.326
Costa Rica,2019,6.998,9.885,0.906,71.500,0.927,-0.146,0.836,0.848,0.303
Croatia,2011,5.385,10.091,0.790,68.000,0.517,-0.198,0.977,0.598,0.273
Croatia,2012,6.028,10.072,0.776,68.100,0.542,-0.242,0.924,0.622,0.271
Croatia,2013,5.885,10.069,0.751,68.200,0.627,-0.204,0.936,0.590,0.285
Croatia,2014,5.381,10.072,0.646,68.300,0.519,0.132,0.918,0.596,0.286
Croatia,2015,5.205,10.104,0.768,68.400,0.694,-0.096,0.849,0.609,0.294
Croatia,2016,5.417,10.146,0.798,69.000,0.672,-0.065,0.884,0.614,0.337
Croatia,2017,5.343,10.189,0.770,69.600,0.716,-0.104,0.892,0.655,0.316
Croatia,2018,5.536,10.224,0.910,70.200,0.691,-0.151,0.925,0.582,0.290
Croatia,2019,5.626,10.258,0.936,70.800,0.739,-0.137,0.932,0.551,0.269
Croatia,2020,6.508,10.166,0.923,71.400,0.837,-0.063,0.961,0.743,0.286
Cyprus,2011,6.690,10.530,0.844,72.540,0.745,0.180,0.841,0.763,0.272
Cyprus,2012,6.181,10.479,0.767,72.680,0.725,0.098,0.871,0.755,0.369
Cyprus,2013,5.439,10.414,0.744,72.820,0.656,0.102,0.867,0.748,0.420
Cyprus,2014,5.627,10.406,0.770,72.960,0.715,0.060,0.868,0.737,0.397
Cyprus,2015,5.439,10.445,0.770,73.100,0.628,0.114,0.893,0.747,0.383
Cyprus,2016,5.795,10.506,0.786,73.300,0.756,-0.030,0.898,0.742,0.336
Cyprus,2017,6.062,10.539,0.819,73.500,0.812,0.043,0.851,0.784,0.301
Cyprus,2018,6.276,10.567,0.826,73.700,0.794,-0.022,0.848,0.750,0.298
Cyprus,2019,6.137,10.585,0.776,73.900,0.740,-0.008,0.865,0.763,0.290
Cyprus,2020,6.260,,0.806,74.100,0.763,,0.816,0.759,0.284
Czech Republic,2011,6.331,10.435,0.914,68.240,0.787,-0.106,0.950,0.601,0.253
Czech Republic,2012,6.334,10.426,0.912,68.380,0.740,-0.154,0.957,0.609,0.257
Czech Republic,2013,6.698,10.420,0.888,68.520,0.726,-0.156,0.916,0.720,0.253
Czech Republic,2014,6.484,10.446,0.878,68.660,0.800,-0.168,0.897,0.678,0.235
Czech Republic,2015,6.608,10.496,0.911,68.800,0.808,-0.146,0.886,0.751,0.206
Czech Republic,2016,6.736,10.518,0.931,69.300,0.850,-0.197,0.900,0.756,0.201
Czech Republic,2017,6.790,10.558,0.901,69.800,0.832,-0.177,0.867,0.739,0.227
Czech Republic,2018,7.034,10.583,0.929,70.300,0.790,-0.292,0.851,0.714,0.178
Czech Republic,2020,6.897,10.530,0.964,71.300,0.906,-0.127,0.884,0.832,0.290
Denmark,2011,7.788,10.848,0.962,70.620,0.935,0.298,0.220,0.769,0.175
Denmark,2012,7.520,10.846,0.951,70.840,0.933,0.139,0.187,0.774,0.209
Denmark,2013,7.589,10.851,0.965,71.060,0.920,0.215,0.170,0.862,0.195
Denmark,2014,7.508,10.862,0.956,71.280,0.942,0.118,0.237,0.832,0.233
Denmark,2015,7.514,10.878,0.960,71.500,0.941,0.222,0.191,0.829,0.218
Denmark,2016,7.558,10.903,0.954,71.800,0.948,0.138,0.210,0.836,0.208
Denmark,2017,7.594,10.916,0.952,72.100,0.955,0.155,0.181,0.824,0.206
Denmark,2018,7.649,10.935,0.958,72.400,0.935,0.018,0.151,0.821,0.206
Denmark,2019,7.693,10.954,0.958,72.700,0.963,0.020,0.174,0.862,0.181
Denmark,2020,7.515,10.910,0.947,73.000,0.938,0.052,0.214,0.818,0.227
Dominican Republic,2011,5.397,9.475,0.872,64.020,0.848,0.014,0.788,0.809,0.300
Dominican Republic,2012,4.753,9.489,0.879,64.240,0.840,-0.062,0.727,0.797,0.297
Dominican Republic,2013,5.016,9.525,0.878,64.460,0.889,0.021,0.752,0.793,0.295
Dominican Republic,2014,5.387,9.582,0.891,64.680,0.905,-0.020,0.760,0.798,0.300
Dominican Republic,2015,5.062,9.637,0.893,64.900,0.856,-0.065,0.755,0.714,0.295
Dominican Republic,2016,5.239,9.691,0.895,65.200,0.873,-0.080,0.737,0.760,0.278
Dominican Republic,2017,5.605,9.725,0.894,65.500,0.855,-0.121,0.760,0.739,0.275
Dominican Republic,2018,5.433,9.782,0.862,65.800,0.867,-0.150,0.762,0.745,0.291
Dominican Republic,2019,6.004,9.821,0.884,66.100,0.877,-0.123,0.746,0.784,0.264
Dominican Republic,2020,5.168,9.802,0.806,66.400,0.835,-0.128,0.636,0.734,0.314
Ecuador,2011,5.795,9.304,0.818,66.960,0.788,-0.155,0.702,0.862,0.271
Ecuador,2012,5.961,9.344,0.785,67.120,0.825,-0.084,0.730,0.847,0.333
Ecuador,2013,6.019,9.377,0.801,67.280,0.787,-0.191,0.646,0.851,0.267
Ecuador,2014,5.946,9.399,0.831,67.440,0.719,-0.167,0.661,0.859,0.306
Ecuador,2015,5.964,9.384,0.856,67.600,0.801,-0.114,0.666,0.851,0.323
Ecuador,2016,6.115,9.355,0.842,67.900,0.846,-0.015,0.774,0.846,0.365
Ecuador,2017,5.840,9.360,0.849,68.200,0.879,-0.167,0.734,0.829,0.314
Ecuador,2018,6.128,9.355,0.851,68.500,0.869,-0.099,0.831,0.876,0.328
Ecuador,2019,5.809,9.339,0.808,68.800,0.830,-0.115,0.839,0.811,0.374
Ecuador,2020,5.354,9.244,0.804,69.100,0.829,-0.157,0.855,0.790,0.416
Egypt,2011,4.174,9.240,0.753,60.160,0.590,-0.151,0.859,0.529,0.353
Egypt,2012,4.204,9.240,0.737,60.320,0.452,-0.138,0.880,0.527,0.398
Egypt,2013,3.559,9.239,0.675,60.480,0.474,-0.141,0.913,0.551,0.483
Egypt,2014,4.885,9.245,0.619,60.640,0.578,-0.126,0.749,0.543,0.327
Egypt,2015,4.763,9.266,0.730,60.800,0.659,-0.089,0.684,0.610,0.344
Egypt,2016,4.557,9.287,0.809,61.100,0.656,-0.141,0.818,0.611,0.370
Egypt,2017,3.929,9.307,0.638,61.400,0.593,-0.152,,0.539,0.414
Egypt,2018,4.005,9.338,0.759,61.700,0.682,-0.215,,0.492,0.285
Egypt,2019,4.328,9.373,0.772,62.000,0.774,-0.199,,0.517,0.313
Egypt,2020,4.472,9.383,0.673,62.300,0.770,-0.112,,0.599,0.442
El Salvador,2011,4.741,8.933,0.731,64.400,0.747,-0.126,0.707,0.875,0.336
El Salvador,2012,5.934,8.956,0.806,64.600,0.683,-0.155,0.786,0.831,0.365
El Salvador,2013,6.325,8.974,0.827,64.800,0.716,-0.150,0.772,0.828,0.317
El Salvador,2014,5.857,8.986,0.798,65.000,0.778,-0.194,0.781,0.837,0.330
El Salvador,2015,6.018,9.005,0.791,65.200,0.733,-0.156,0.805,0.826,0.333
El Salvador,2016,6.140,9.025,0.794,65.500,0.800,-0.185,0.797,0.761,0.346
El Salvador,2017,6.339,9.042,0.829,65.800,0.758,-0.172,0.778,0.849,0.268
El Salvador,2018,6.241,9.061,0.820,66.100,0.863,-0.095,0.801,0.860,0.270
El Salvador,2019,6.455,9.080,0.764,66.400,0.877,-0.109,0.682,0.871,0.271
El Salvador,2020,5.462,9.019,0.696,66.700,0.924,-0.126,0.583,0.839,0.329
Estonia,2011,5.487,10.248,0.909,66.960,0.735,-0.168,0.687,0.651,0.205
Estonia,2012,5.364,10.282,0.889,67.220,0.697,-0.192,0.793,0.647,0.199
Estonia,2013,5.367,10.299,0.901,67.480,0.754,-0.201,0.726,0.702,0.199
Estonia,2014,5.556,10.331,0.917,67.740,0.773,-0.153,0.652,0.680,0.203
Estonia,2015,5.629,10.348,0.918,68.000,0.815,-0.164,0.569,0.723,0.183
Estonia,2016,5.650,10.374,0.938,68.200,0.843,-0.149,0.639,0.726,0.177
Estonia,2017,5.938,10.429,0.936,68.400,0.862,-0.101,0.668,0.805,0.160
Estonia,2018,6.091,10.472,0.933,68.600,0.886,-0.141,0.621,0.795,0.163
Estonia,2019,6.035,10.511,0.934,68.800,0.887,-0.096,0.576,0.804,0.156
Estonia,2020,6.453,10.459,0.958,69.000,0.954,-0.082,0.398,0.807,0.188
Ethiopia,2012,4.561,7.271,0.659,55.200,0.776,-0.044,,0.668,0.137
Ethiopia,2013,4.445,7.343,0.602,55.800,0.707,-0.008,0.750,0.643,0.213
Ethiopia,2014,4.507,7.413,0.640,56.400,0.694,0.080,0.702,0.738,0.303
Ethiopia,2015,4.573,7.484,0.626,57.000,0.803,0.113,0.567,0.714,0.237
Ethiopia,2016,4.298,7.547,0.719,57.500,0.744,0.038,0.703,0.727,0.254
Ethiopia,2017,4.180,7.612,0.734,58.000,0.717,0.001,0.757,0.609,0.304
Ethiopia,2018,4.379,7.651,0.740,58.500,0.740,0.039,0.799,0.660,0.272
Ethiopia,2019,4.100,7.705,0.748,59.000,0.754,0.053,0.732,0.631,0.283
Ethiopia,2020,4.549,7.711,0.823,59.500,0.769,0.188,0.784,0.669,0.252
Finland,2011,7.354,10.754,0.938,70.640,0.936,0.101,0.320,0.773,0.205
Finland,2012,7.420,10.735,0.928,70.880,0.921,-0.001,0.361,0.796,0.202
Finland,2013,7.445,10.722,0.941,71.120,0.919,0.040,0.306,0.769,0.195
Finland,2014,7.385,10.714,0.952,71.360,0.933,-0.001,0.265,0.784,0.199
Finland,2015,7.448,10.716,0.948,71.600,0.930,0.111,0.223,0.751,0.191
Finland,2016,7.660,10.740,0.954,71.700,0.948,-0.027,0.250,0.797,0.182
Finland,2017,7.788,10.768,0.964,71.800,0.962,-0.002,0.192,0.787,0.176
Finland,2018,7.858,10.783,0.962,71.900,0.938,-0.127,0.199,0.782,0.182
Finland,2019,7.780,10.792,0.937,72.000,0.948,-0.052,0.195,0.755,0.181
Finland,2020,7.889,10.750,0.962,72.100,0.962,-0.116,0.164,0.744,0.193
France,2011,6.959,10.671,0.921,72.400,0.903,-0.102,0.627,0.781,0.281
France,2012,6.649,10.669,0.937,72.600,0.841,-0.149,0.608,0.754,0.253
France,2013,6.667,10.669,0.908,72.800,0.878,-0.125,0.699,0.800,0.205
France,2014,6.467,10.674,0.878,73.000,0.803,-0.118,0.656,0.811,0.216
France,2015,6.358,10.682,0.896,73.200,0.817,-0.139,0.641,0.786,0.215
France,2016,6.475,10.690,0.885,73.400,0.787,-0.091,0.623,0.773,0.270
France,2017,6.635,10.711,0.931,73.600,0.834,-0.123,0.601,0.762,0.242
France,2018,6.666,10.727,0.921,73.800,0.816,-0.138,0.582,0.767,0.282
France,2019,6.690,10.740,0.958,74.000,0.827,-0.133,0.568,0.735,0.250
France,2020,6.714,10.643,0.947,74.200,0.823,-0.169,0.565,0.732,0.231
Gabon,2011,4.255,9.608,0.653,55.480,0.772,-0.211,0.851,0.591,0.264
Gabon,2012,3.972,9.621,0.736,56.160,0.566,-0.195,0.810,0.470,0.266
Gabon,2013,3.800,9.638,0.733,56.840,0.682,-0.146,0.780,0.510,0.287
Gabon,2014,3.918,9.644,0.829,57.520,0.607,-0.198,0.782,0.539,0.293
Gabon,2015,4.661,9.649,0.756,58.200,0.671,-0.194,0.867,0.626,0.372
Gabon,2016,4.832,9.639,0.780,58.700,0.699,-0.204,0.817,0.640,0.432
Gabon,2017,4.782,9.616,0.807,59.200,0.652,-0.228,0.868,0.634,0.446
Gabon,2018,4.783,9.599,0.785,59.700,0.719,-0.197,0.823,0.641,0.418
Gabon,2019,4.914,9.607,0.763,60.200,0.736,-0.203,0.846,0.693,0.413
Georgia,2011,4.203,9.263,0.503,64.860,0.632,-0.255,0.353,0.515,0.247
Georgia,2012,4.254,9.332,0.533,64.920,0.659,-0.269,0.321,0.559,0.250
Georgia,2013,4.349,9.371,0.559,64.980,0.722,-0.254,0.349,0.595,0.200
Georgia,2014,4.288,9.414,0.558,65.040,0.720,-0.233,0.416,0.570,0.204
Georgia,2015,4.122,9.442,0.517,65.100,0.640,-0.205,0.502,0.547,0.233
Georgia,2016,4.448,9.470,0.533,64.900,0.606,-0.249,0.561,0.564,0.223
Georgia,2017,4.451,9.517,0.590,64.700,0.821,-0.244,0.590,0.581,0.210
Georgia,2018,4.659,9.565,0.617,64.500,0.775,-0.233,0.755,0.573,0.244
Georgia,2019,4.892,9.617,0.675,64.300,0.811,-0.260,0.647,0.604,0.244
Georgia,2020,5.123,9.569,0.718,64.100,0.764,-0.221,0.583,0.611,0.295
Germany,2011,6.621,10.813,0.947,70.980,0.906,0.033,0.677,0.794,0.165
Germany,2012,6.702,10.816,0.926,71.060,0.904,0.071,0.679,0.804,0.170
Germany,2013,6.965,10.817,0.931,71.140,0.894,0.024,0.566,0.743,0.205
Germany,2014,6.984,10.835,0.938,71.220,0.899,0.088,0.474,0.785,0.188
Germany,2015,7.037,10.844,0.926,71.300,0.889,0.178,0.412,0.765,0.203
Germany,2016,6.874,10.858,0.906,71.600,0.871,0.148,0.446,0.738,0.187
Germany,2017,7.074,10.878,0.892,71.900,0.841,0.145,0.414,0.737,0.196
Germany,2018,7.118,10.890,0.920,72.200,0.877,0.034,0.496,0.780,0.243
Germany,2019,7.035,10.893,0.886,72.500,0.885,0.057,0.462,0.751,0.226
Germany,2020,7.312,10.833,0.905,72.800,0.864,-0.060,0.424,0.760,0.206
Ghana,2011,5.608,8.332,0.724,54.480,0.852,0.011,0.790,0.744,0.209
Ghana,2012,5.057,8.397,0.685,54.860,0.679,0.040,0.898,0.760,0.152
Ghana,2013,4.965,8.445,0.676,55.240,0.794,-0.065,0.880,0.691,0.211
Ghana,2014,3.860,8.450,0.651,55.620,0.677,0.001,0.913,0.696,0.280
Ghana,2015,3.986,8.449,0.687,56.000,0.852,-0.038,0.945,0.690,0.265
Ghana,2016,4.514,8.460,0.647,56.400,0.751,0.090,0.894,0.668,0.305
Ghana,2017,5.481,8.517,0.669,56.800,0.783,0.079,0.839,0.703,0.248
Ghana,2018,5.004,8.555,0.761,57.200,0.817,0.062,0.846,0.747,0.250
Ghana,2019,4.967,8.596,0.746,57.600,0.787,0.116,0.857,0.682,0.270
Ghana,2020,5.319,8.590,0.643,58.000,0.824,0.200,0.847,0.713,0.253
Greece,2011,5.372,10.339,0.852,71.560,0.528,-0.316,0.941,0.591,0.323
Greece,2012,5.096,10.268,0.812,71.620,0.373,-0.305,0.959,0.581,0.352
Greece,2013,4.720,10.243,0.687,71.680,0.426,-0.272,0.941,0.689,0.482
Greece,2014,4.756,10.257,0.832,71.740,0.369,-0.288,0.930,0.695,0.385
Greece,2015,5.623,10.259,0.835,71.800,0.532,-0.272,0.824,0.740,0.277
Greece,2016,5.303,10.261,0.803,72.000,0.482,-0.260,0.898,0.701,0.336
Greece,2017,5.148,10.278,0.753,72.200,0.438,-0.290,0.872,0.603,0.333
Greece,2018,5.409,10.299,0.794,72.400,0.564,-0.335,0.860,0.666,0.255
Greece,2019,5.952,10.319,0.891,72.600,0.614,-0.289,0.848,0.668,0.236
Greece,2020,5.788,10.215,0.779,72.800,0.565,-0.241,0.764,0.684,0.322
Guatemala,2011,5.743,8.923,0.768,62.460,0.763,0.009,0.863,0.844,0.289
Guatemala,2012,5.856,8.935,0.802,62.820,0.865,0.020,0.821,0.863,0.349
Guatemala,2013,5.985,8.953,0.830,63.180,0.884,0.045,0.817,0.867,0.333
Guatemala,2014,6.536,8.980,0.834,63.540,0.843,0.108,0.804,0.835,0.305
Guatemala,2015,6.465,9.003,0.823,63.900,0.869,0.051,0.822,0.851,0.311
Guatemala,2016,6.359,9.013,0.811,64.200,0.863,0.011,0.812,0.846,0.321
Guatemala,2017,6.325,9.026,0.826,64.500,0.915,-0.059,0.800,0.846,0.308
Guatemala,2018,6.627,9.042,0.841,64.800,0.910,-0.010,0.765,0.871,0.262
Guatemala,2019,6.262,9.064,0.774,65.100,0.901,-0.062,0.773,0.859,0.311
Guinea,2011,4.045,7.567,0.598,50.220,0.797,0.041,0.743,0.701,0.260
Guinea,2012,3.652,7.603,0.542,50.440,0.646,0.001,0.794,0.677,0.285
Guinea,2013,3.902,7.619,0.567,50.660,0.693,0.091,0.815,0.600,0.348
Guinea,2014,3.412,7.632,0.638,50.880,0.684,0.006,0.705,0.629,0.351
Guinea,2015,3.505,7.645,0.579,51.100,0.666,0.007,0.762,0.667,0.268
Guinea,2016,3.603,7.721,0.675,52.200,0.726,-0.056,0.803,0.687,0.374
Guinea,2017,4.874,7.792,0.634,53.300,0.738,0.038,0.750,0.704,0.422
Guinea,2018,5.252,7.823,0.630,54.400,0.731,0.092,0.778,0.744,0.440
Guinea,2019,4.768,7.849,0.655,55.500,0.691,0.097,0.756,0.685,0.473
Honduras,2011,4.961,8.508,0.766,65.720,0.783,0.095,0.884,0.816,0.307
Honduras,2012,4.602,8.530,0.779,65.940,0.700,-0.003,0.871,0.847,0.294
Honduras,2013,4.713,8.540,0.792,66.160,0.698,-0.027,0.868,0.817,0.283
Honduras,2014,5.056,8.552,0.790,66.380,0.696,0.015,0.834,0.820,0.299
Honduras,2015,4.845,8.572,0.772,66.600,0.534,-0.097,0.848,0.863,0.311
Honduras,2016,5.648,8.593,0.774,66.800,0.850,0.080,0.793,0.832,0.297
Honduras,2017,6.020,8.624,0.843,67.000,0.898,0.072,0.783,0.842,0.248
Honduras,2018,5.908,8.643,0.827,67.200,0.872,0.099,0.804,0.872,0.287
Honduras,2019,5.930,8.653,0.797,67.400,0.846,0.063,0.815,0.850,0.279
Hungary,2011,4.918,10.127,0.894,65.760,0.631,-0.089,0.940,0.642,0.305
Hungary,2012,4.683,10.117,0.906,65.920,0.569,-0.136,0.930,0.652,0.315
Hungary,2013,4.914,10.140,0.877,66.080,0.674,-0.113,0.912,0.706,0.307
Hungary,2014,5.181,10.183,0.845,66.240,0.494,-0.150,0.855,0.651,0.238
Hungary,2015,5.344,10.223,0.859,66.400,0.558,-0.198,0.908,0.707,0.245
Hungary,2016,5.449,10.248,0.900,66.800,0.554,-0.187,0.924,0.666,0.243
Hungary,2017,6.065,10.293,0.877,67.200,0.661,-0.139,0.886,0.735,0.181
Hungary,2018,5.936,10.344,0.941,67.600,0.693,-0.243,0.911,0.676,0.201
Hungary,2019,6.000,10.393,0.947,68.000,0.798,-0.195,0.884,0.743,0.180
Hungary,2020,6.038,10.335,0.943,68.400,0.771,-0.120,0.836,0.735,0.240
India,2011,4.635,8.387,0.553,57.700,0.838,-0.038,0.908,0.648,0.232
India,2012,4.720,8.428,0.511,58.000,0.609,0.067,0.830,0.629,0.295
India,2013,4.428,8.478,0.553,58.300,0.740,0.084,0.832,0.680,0.330
India,2014,4.424,8.538,0.621,58.600,0.809,-0.026,0.832,0.711,0.285
India,2015,4.342,8.604,0.610,58.900,0.777,-0.005,0.776,0.701,0.322
India,2016,4.179,8.673,0.614,59.300,0.820,0.046,0.765,0.695,0.346
India,2017,4.046,8.730,0.607,59.700,0.886,-0.042,0.781,0.682,0.318
India,2018,3.818,8.779,0.638,60.100,0.890,0.085,0.805,0.657,0.357
India,2019,3.249,8.818,0.561,60.500,0.876,0.112,0.752,0.648,0.466
India,2020,4.225,8.703,0.617,60.900,0.906,0.075,0.780,0.752,0.383
Indonesia,2011,5.173,9.069,0.825,60.620,0.878,0.438,0.962,0.864,0.273
Indonesia,2012,5.368,9.114,0.834,60.840,0.770,0.354,0.962,0.897,0.229
Indonesia,2013,5.292,9.155,0.794,61.060,0.781,0.376,0.973,0.893,0.249
Indonesia,2014,5.597,9.190,0.905,61.280,0.719,0.408,0.970,0.852,0.242
Indonesia,2015,5.043,9.225,0.809,61.500,0.779,0.471,0.946,0.876,0.274
Indonesia,2016,5.136,9.262,0.792,61.700,0.830,0.500,0.890,0.833,0.342
Indonesia,2017,5.098,9.300,0.796,61.900,0.865,0.488,0.900,0.863,0.319
Indonesia,2018,5.340,9.339,0.809,62.100,0.879,0.512,0.868,0.864,0.296
Indonesia,2019,5.347,9.377,0.802,62.300,0.866,0.555,0.861,0.877,0.302
Iran,2011,4.768,9.547,0.582,64.140,0.798,0.200,0.665,0.578,0.359
Iran,2012,4.609,9.458,0.600,64.380,0.764,,0.678,0.609,0.525
Iran,2013,5.140,9.443,0.664,64.620,0.730,0.216,0.685,0.659,0.552
Iran,2014,4.682,9.476,0.644,64.860,0.767,0.241,0.640,0.618,0.512
Iran,2015,4.750,9.449,0.572,65.100,0.780,0.176,0.699,0.645,0.520
Iran,2016,4.653,9.561,0.566,65.400,0.773,0.186,0.713,0.687,0.526
Iran,2017,4.717,9.584,0.714,65.700,0.731,0.218,0.715,0.694,0.439
Iran,2018,4.278,,0.674,66.000,0.603,,0.703,0.553,0.493
Iran,2019,5.006,,0.698,66.300,0.623,,0.728,0.600,0.449
Iran,2020,4.865,,0.757,66.600,0.600,,0.710,0.582,0.470
Iraq,2011,4.725,9.152,0.751,59.360,0.347,-0.070,0.780,0.488,0.557
Iraq,2012,4.660,9.246,0.730,59.120,0.315,-0.020,0.789,0.423,0.449
Iraq,2013,4.725,9.280,0.728,58.880,,-0.050,0.710,,0.554
Iraq,2014,4.542,9.250,0.725,58.640,0.646,-0.001,0.726,0.574,0.564
Iraq,2015,4.493,9.241,0.684,58.400,0.599,0.019,0.762,0.490,0.581
Iraq,2016,4.413,9.354,0.719,59.000,0.666,-0.052,0.799,0.489,0.570
Iraq,2017,4.462,9.303,0.695,59.600,0.628,0.000,0.757,0.505,0.591
Iraq,2018,4.886,9.274,0.764,60.200,0.598,-0.068,0.887,0.605,0.482
Iraq,2020,4.785,9.167,0.708,61.400,0.700,-0.021,0.849,0.644,0.532
Ireland,2011,7.007,10.878,0.977,71.600,0.952,0.383,0.590,0.865,0.190
Ireland,2012,6.965,10.876,0.962,71.700,0.902,0.302,0.573,0.835,0.237
Ireland,2013,6.760,10.884,0.955,71.800,0.884,0.331,0.558,0.814,0.245
Ireland,2014,7.018,10.959,0.968,71.900,0.922,0.264,0.406,0.784,0.229
Ireland,2015,6.830,11.174,0.953,72.000,0.892,0.233,0.409,0.799,0.225
Ireland,2016,7.041,11.199,0.958,72.100,0.875,0.174,0.399,0.809,0.211
Ireland,2017,7.060,11.266,0.943,72.200,0.905,0.216,0.337,0.833,0.213
Ireland,2018,6.962,11.332,0.938,72.300,0.861,0.144,0.362,0.811,0.213
Ireland,2019,7.255,11.371,0.944,72.400,0.892,0.074,0.373,0.807,0.223
Ireland,2020,7.035,11.323,0.960,72.500,0.882,0.014,0.356,0.797,0.246
Israel,2011,7.433,10.489,0.893,72.460,0.722,0.141,0.891,0.738,0.384
Israel,2012,7.111,10.493,0.903,72.520,0.681,0.153,0.862,0.665,0.319
Israel,2013,7.321,10.515,0.909,72.580,0.739,0.150,0.849,0.698,0.409
Israel,2014,7.401,10.533,0.889,72.640,0.707,0.094,0.818,0.604,0.271
Israel,2015,7.079,10.536,0.864,72.700,0.753,0.108,0.789,0.697,0.256
Israel,2016,7.159,10.555,0.890,72.900,0.772,0.153,0.804,0.629,0.263
Israel,2017,7.331,10.570,0.916,73.100,0.768,0.145,0.793,0.674,0.276
Israel,2018,6.927,10.585,0.910,73.300,0.725,0.055,0.770,0.663,0.282
Israel,2019,7.332,10.601,0.946,73.500,0.834,0.085,0.743,0.635,0.266
Israel,2020,7.195,10.538,0.959,73.700,0.831,-0.049,0.748,0.621,0.243
Italy,2011,6.057,10.671,0.913,72.840,0.568,-0.018,0.933,0.658,0.266
Italy,2012,5.839,10.638,0.869,72.880,0.570,0.113,0.908,0.670,0.388
Italy,2013,6.009,10.608,0.916,72.920,0.499,-0.102,0.943,0.779,0.357
Italy,2014,6.027,10.599,0.898,72.960,0.624,-0.065,0.920,0.716,0.356
Italy,2015,5.848,10.608,0.909,73.000,0.575,-0.064,0.913,0.692,0.329
Italy,2016,5.955,10.622,0.927,73.200,0.624,-0.081,0.903,0.685,0.339
Italy,2017,6.199,10.640,0.920,73.400,0.633,-0.035,0.867,0.661,0.323
Italy,2018,6.517,10.650,0.913,73.600,0.650,-0.021,0.888,0.649,0.403
Italy,2019,6.445,10.655,0.838,73.800,0.709,-0.082,0.866,0.631,0.328
Italy,2020,6.488,10.563,0.890,74.000,0.718,-0.150,0.844,0.670,0.311
Japan,2011,6.263,10.532,0.917,73.980,0.814,-0.052,0.734,0.776,0.181
Japan,2012,5.968,10.549,0.905,74.160,0.753,,0.692,0.777,0.171
Japan,2013,5.959,10.570,0.924,74.340,0.821,-0.147,0.650,0.794,0.175
Japan,2014,5.923,10.575,0.900,74.520,0.838,-0.139,0.617,0.742,0.189
Japan,2015,5.880,10.588,0.923,74.700,0.832,-0.155,0.654,0.768,0.176
Japan,2016,5.955,10.595,0.900,74.800,0.836,-0.062,0.698,0.760,0.192
Japan,2017,5.911,10.618,0.882,74.900,0.849,-0.206,0.659,0.740,0.176
Japan,2018,5.794,10.623,0.886,75.000,0.773,-0.261,0.687,0.703,0.185
Japan,2019,5.908,10.632,0.878,75.100,0.806,-0.255,0.617,0.743,0.194
Japan,2020,6.118,10.580,0.887,75.200,0.806,-0.259,0.609,0.742,0.186
Jordan,2011,5.539,9.289,0.878,65.000,0.760,-0.143,,0.612,0.260
Jordan,2012,5.132,9.261,0.829,65.300,0.693,-0.160,,0.565,0.345
Jordan,2013,5.172,9.237,0.840,65.600,0.692,-0.117,,0.684,0.286
Jordan,2014,5.333,9.222,0.816,65.900,0.729,-0.104,,0.660,0.313
Jordan,2015,5.405,9.207,0.830,66.200,0.767,-0.046,,0.690,0.305
Jordan,2016,5.271,9.197,0.820,66.400,0.771,-0.038,,0.641,0.312
Jordan,2017,4.808,9.194,0.815,66.600,0.766,-0.152,,0.628,0.392
Jordan,2018,4.639,9.196,0.800,66.800,0.762,-0.186,,,
Jordan,2019,4.453,9.201,0.793,67.000,0.726,-0.165,,,
Jordan,2020,4.094,9.150,0.709,67.200,0.779,-0.150,,,
Kazakhstan,2011,5.736,9.997,0.905,60.720,0.878,-0.235,0.802,0.695,0.154
Kazakhstan,2012,5.759,10.030,0.892,61.240,0.840,-0.171,0.877,0.740,0.184
Kazakhstan,2013,5.835,10.074,0.889,61.760,0.782,-0.229,0.820,0.674,0.164
Kazakhstan,2014,5.970,10.101,0.795,62.280,0.799,0.004,0.805,0.718,0.169
Kazakhstan,2015,5.950,10.098,0.931,62.800,0.740,-0.037,0.714,0.730,0.174
Kazakhstan,2016,5.534,10.095,0.928,63.400,0.783,-0.036,0.702,0.702,0.155
Kazakhstan,2017,5.882,10.121,0.914,64.000,0.745,-0.035,0.755,0.757,0.171
Kazakhstan,2018,6.008,10.148,0.937,64.600,0.840,-0.098,0.824,0.693,0.162
Kazakhstan,2019,6.272,10.179,0.951,65.200,0.852,-0.055,0.708,0.787,0.139
Kazakhstan,2020,6.168,10.135,0.966,65.800,0.872,-0.056,0.661,0.684,0.150
Kenya,2011,4.405,8.143,0.846,56.060,0.709,0.022,0.923,0.760,0.228
Kenya,2012,4.547,8.161,0.831,56.620,0.628,0.066,0.911,0.707,0.194
Kenya,2013,3.795,8.192,0.825,57.180,0.708,0.212,0.861,0.765,0.161
Kenya,2014,4.905,8.219,0.765,57.740,0.819,0.172,0.849,0.814,0.221
Kenya,2015,4.358,8.249,0.777,58.300,0.793,0.221,0.853,0.702,0.172
Kenya,2016,4.396,8.282,0.706,58.900,0.749,0.298,0.828,0.743,0.226
Kenya,2017,4.476,8.306,0.715,59.500,0.853,0.234,0.854,0.788,0.230
Kenya,2018,4.656,8.344,0.707,60.100,0.821,0.291,0.844,0.759,0.237
Kenya,2019,4.619,8.373,0.676,60.700,0.818,0.310,0.794,0.751,0.251
Kenya,2020,4.547,8.365,0.674,61.300,0.702,0.260,0.837,0.733,0.297
Kosovo,2011,4.860,9.067,0.759,,0.589,0.004,0.919,0.696,0.124
Kosovo,2012,5.640,9.086,0.757,,0.636,0.027,0.950,0.596,0.100
Kosovo,2013,6.126,9.113,0.721,,0.568,0.115,0.935,0.692,0.203
Kosovo,2014,5.000,9.129,0.706,,0.441,0.012,0.775,0.636,0.206
Kosovo,2015,5.077,9.182,0.805,,0.561,0.181,0.851,0.753,0.180
Kosovo,2016,5.759,9.228,0.824,,0.827,0.125,0.941,0.704,0.150
Kosovo,2017,6.149,9.262,0.792,,0.858,0.117,0.925,0.738,0.186
Kosovo,2018,6.392,9.296,0.822,,0.890,0.269,0.922,0.778,0.170
Kosovo,2019,6.425,9.339,0.843,,0.841,0.247,0.920,0.749,0.141
Kosovo,2020,6.294,,0.792,,0.880,,0.910,0.726,0.201
Kyrgyzstan,2011,4.921,8.374,0.891,61.520,0.748,-0.155,0.932,0.681,0.151
Kyrgyzstan,2012,5.208,8.357,0.856,61.940,0.703,-0.079,0.892,0.691,0.182
Kyrgyzstan,2013,5.402,8.441,0.851,62.360,0.755,-0.085,0.900,0.722,0.135
Kyrgyzstan,2014,5.252,8.460,0.898,62.780,0.736,0.355,0.897,0.725,0.185
Kyrgyzstan,2015,4.905,8.477,0.857,63.200,0.813,0.200,0.858,0.767,0.173
Kyrgyzstan,2016,4.857,8.500,0.914,63.500,0.814,0.056,0.917,0.778,0.126
Kyrgyzstan,2017,5.630,8.526,0.883,63.800,0.859,0.143,0.874,0.755,0.160
Kyrgyzstan,2018,5.297,8.543,0.898,64.100,0.945,0.267,0.907,0.763,0.203
Kyrgyzstan,2019,5.685,8.567,0.877,64.400,0.920,-0.002,0.885,0.766,0.207
Kyrgyzstan,2020,6.250,8.503,0.902,64.700,0.935,0.103,0.931,0.803,0.258
Latvia,2011,4.967,10.029,0.836,64.860,0.564,-0.002,0.934,0.563,0.222
Latvia,2012,5.125,10.082,0.851,65.120,0.564,-0.038,0.895,0.560,0.232
Latvia,2013,5.070,10.116,0.834,65.380,0.631,-0.073,0.837,0.642,0.227
Latvia,2014,5.729,10.144,0.881,65.640,0.671,-0.043,0.804,0.652,0.226
Latvia,2015,5.881,10.185,0.879,65.900,0.656,-0.077,0.808,0.608,0.228
Latvia,2016,5.940,10.211,0.917,66.200,0.685,-0.156,0.868,0.654,0.231
Latvia,2017,5.978,10.257,0.895,66.500,0.700,-0.154,0.798,0.623,0.232
Latvia,2018,5.901,10.307,0.913,66.800,0.608,-0.212,0.799,0.585,0.192
Latvia,2019,5.970,10.336,0.936,67.100,0.698,-0.194,0.789,0.575,0.212
Latvia,2020,6.229,10.300,0.928,67.400,0.820,-0.078,0.809,0.714,0.202
Lebanon,2011,5.188,9.838,0.733,65.280,0.657,0.006,0.911,0.578,0.320
Lebanon,2012,4.573,9.800,0.713,65.360,0.621,-0.006,0.856,0.499,0.339
Lebanon,2013,4.983,9.772,0.708,65.440,0.655,-0.004,0.921,0.499,0.409
Lebanon,2014,5.233,9.739,0.759,65.520,0.657,-0.012,0.939,0.559,0.267
Lebanon,2015,5.172,9.699,0.742,65.600,0.597,0.073,0.889,0.568,0.243
Lebanon,2016,5.271,9.687,0.828,66.100,0.657,0.031,0.853,0.553,0.263
Lebanon,2017,5.154,9.681,0.777,66.600,0.605,-0.074,0.911,0.515,0.244
Lebanon,2018,5.167,9.656,0.829,67.100,0.607,-0.066,0.907,0.464,0.271
Lebanon,2019,4.024,9.597,0.866,67.600,0.447,-0.081,0.890,0.322,0.494
Lithuania,2011,5.432,10.167,0.911,64.700,0.566,-0.148,0.964,0.570,0.275
Lithuania,2012,5.771,10.218,0.919,64.900,0.503,-0.273,0.957,0.581,0.277
Lithuania,2013,5.596,10.263,0.913,65.100,0.556,-0.237,0.936,0.581,0.294
Lithuania,2014,6.126,10.306,0.908,65.300,0.508,-0.263,0.956,0.619,0.287
Lithuania,2015,5.711,10.335,0.929,65.500,0.641,-0.254,0.924,0.595,0.276
Lithuania,2016,5.866,10.373,0.938,66.100,0.614,-0.266,0.949,0.594,0.250
Lithuania,2017,6.273,10.429,0.926,66.700,0.749,-0.174,0.790,0.608,0.195
Lithuania,2018,6.309,10.474,0.929,67.300,0.699,-0.237,0.852,0.517,0.214
Lithuania,2019,6.064,10.518,0.918,67.900,0.780,-0.251,0.783,0.566,0.276
Lithuania,2020,6.391,10.504,0.953,68.500,0.824,-0.122,0.829,0.660,0.202
Luxembourg,2011,7.101,11.595,0.934,71.880,0.962,0.106,0.388,0.836,0.200
Luxembourg,2012,6.964,11.567,0.914,72.060,0.917,0.059,0.403,0.815,0.227
Luxembourg,2013,7.131,11.580,0.917,72.240,0.790,-0.054,0.301,0.640,0.185
Luxembourg,2014,6.891,11.598,0.875,72.420,0.938,0.106,0.366,0.803,0.170
Luxembourg,2015,6.702,11.617,0.934,72.600,0.932,0.052,0.375,0.757,0.193
Luxembourg,2016,6.967,11.640,0.941,72.600,0.882,0.019,0.356,0.758,0.192
Luxembourg,2017,7.061,11.634,0.905,72.600,0.903,0.044,0.330,0.766,0.184
Luxembourg,2018,7.243,11.645,0.902,72.600,0.884,-0.022,0.385,0.750,0.202
Luxembourg,2019,7.404,11.648,0.912,72.600,0.930,-0.045,0.390,0.789,0.212
Madagascar,2011,4.381,7.336,0.818,56.220,0.546,-0.062,0.897,0.510,0.235
Madagascar,2012,3.551,7.339,0.673,56.640,0.487,-0.055,0.854,0.690,0.194
Madagascar,2013,3.816,7.334,0.673,57.060,0.480,-0.019,0.868,0.734,0.241
Madagascar,2014,3.676,7.340,0.655,57.480,0.529,-0.023,0.791,0.748,0.192
Madagascar,2015,3.593,7.344,0.647,57.900,0.545,-0.041,0.861,0.802,0.226
Madagascar,2016,3.663,7.356,0.746,58.300,0.570,-0.069,0.864,0.813,0.204
Madagascar,2017,4.079,7.368,0.626,58.700,0.570,-0.033,0.847,0.752,0.375
Madagascar,2018,4.071,7.386,0.666,59.100,0.551,0.003,0.889,0.752,0.362
Madagascar,2019,4.339,7.406,0.701,59.500,0.550,-0.012,0.720,0.723,0.304
Malawi,2011,3.946,6.895,0.613,51.420,0.733,0.099,0.853,0.713,0.268
Malawi,2012,4.279,6.885,0.604,52.440,0.637,0.169,0.886,0.816,0.200
Malawi,2013,4.035,6.907,0.563,53.460,0.752,0.078,0.857,0.808,0.248
Malawi,2014,4.563,6.935,0.512,54.480,0.786,0.061,0.824,0.704,0.263
Malawi,2015,3.868,6.935,0.494,55.500,0.801,0.058,0.835,0.633,0.260
Malawi,2016,3.476,6.932,0.524,56.200,0.810,0.066,0.824,0.603,0.325
Malawi,2017,3.417,6.945,0.555,56.900,0.848,0.025,0.735,0.609,0.312
Malawi,2018,3.335,6.949,0.528,57.600,0.799,0.073,0.766,0.586,0.365
Malawi,2019,3.869,6.966,0.549,58.300,0.765,0.004,0.680,0.537,0.348
Mali,2011,4.667,7.643,0.796,48.760,0.823,-0.101,0.726,0.758,0.132
Mali,2012,4.313,7.605,0.823,49.120,0.704,-0.088,0.787,0.681,0.109
Mali,2013,3.676,7.599,0.820,49.480,0.665,-0.053,0.755,0.724,0.193
Mali,2014,3.975,7.638,0.843,49.840,0.652,-0.037,0.658,0.741,0.186
Mali,2015,4.582,7.669,0.830,50.200,0.634,-0.068,0.800,0.709,0.243
Mali,2016,4.016,7.695,0.836,50.700,0.696,-0.070,0.862,0.807,0.305
Mali,2017,4.742,7.718,0.741,51.200,0.753,-0.069,0.863,0.742,0.393
Mali,2018,4.416,7.733,0.692,51.700,0.737,-0.034,0.793,0.770,0.370
Mali,2019,4.988,7.752,0.755,52.200,0.670,-0.038,0.846,0.712,0.358
Malta,2011,6.155,10.370,0.923,71.720,0.882,0.296,,0.736,0.340
Malta,2012,5.963,10.389,0.922,71.840,0.861,0.352,,0.744,0.391
Malta,2013,6.380,10.422,0.942,71.960,0.909,0.410,,0.660,0.370
Malta,2014,6.452,10.486,0.941,72.080,0.904,0.404,0.670,0.652,0.352
Malta,2015,6.613,10.566,0.919,72.200,0.912,0.347,0.664,0.680,0.355
Malta,2016,6.591,10.599,0.930,72.200,0.916,0.345,0.696,0.687,0.355
Malta,2017,6.676,10.635,0.937,72.200,0.924,0.253,0.690,0.721,0.302
Malta,2018,6.910,10.670,0.932,72.200,0.927,0.179,0.595,0.721,0.296
Malta,2019,6.733,10.677,0.922,72.200,0.924,0.087,0.689,0.707,0.356
Malta,2020,6.157,,0.938,72.200,0.931,,0.675,0.601,0.411
Mauritania,2011,4.785,8.481,0.750,54.820,0.567,0.052,0.747,0.762,0.175
Mauritania,2012,4.673,8.495,0.763,55.140,0.487,-0.021,0.707,0.782,0.164
Mauritania,2013,4.199,8.506,0.741,55.460,0.603,-0.079,0.676,0.793,0.196
Mauritania,2014,4.483,8.519,0.853,55.780,0.468,-0.054,0.589,0.755,0.163
Mauritania,2015,3.923,8.542,0.875,56.100,0.447,0.055,0.715,0.820,0.194
Mauritania,2016,4.472,8.526,0.785,56.400,0.467,-0.175,0.842,0.735,0.222
Mauritania,2017,4.678,8.533,0.779,56.700,0.527,-0.153,0.777,0.637,0.272
Mauritania,2018,4.314,8.526,0.802,57.000,0.467,-0.112,0.711,0.663,0.276
Mauritania,2019,4.153,8.556,0.798,57.300,0.628,-0.102,0.743,0.692,0.260
Mexico,2011,6.910,9.810,0.824,66.680,0.831,-0.099,0.698,0.790,0.228
Mexico,2012,7.320,9.832,0.767,66.860,0.788,-0.093,0.633,0.784,0.278
Mexico,2013,7.443,9.832,0.759,67.040,0.739,-0.165,0.615,0.790,0.223
Mexico,2014,6.680,9.847,0.782,67.220,0.779,-0.094,0.630,0.802,0.229
Mexico,2015,6.236,9.867,0.761,67.400,0.719,-0.152,0.708,0.745,0.237
Mexico,2016,6.824,9.884,0.893,67.700,0.752,-0.153,0.809,0.859,0.220
Mexico,2017,6.410,9.893,0.800,68.000,0.861,-0.202,0.801,0.843,0.231
Mexico,2018,6.550,9.903,0.858,68.300,0.816,-0.179,0.809,0.882,0.213
Mexico,2019,6.432,9.891,0.852,68.600,0.903,-0.141,0.809,0.864,0.252
Mexico,2020,5.964,9.782,0.779,68.900,0.873,-0.119,0.778,0.810,0.292
Moldova,2011,5.792,9.111,0.869,61.620,0.628,-0.082,0.957,0.568,0.285
Moldova,2012,5.996,9.105,0.826,61.940,0.602,-0.050,0.955,0.568,0.314
Moldova,2013,5.756,9.192,0.803,62.260,0.658,-0.069,0.941,0.582,0.261
Moldova,2014,5.917,9.241,0.805,62.580,0.623,-0.113,0.925,0.583,0.260
Moldova,2015,6.017,9.246,0.840,62.900,0.595,-0.090,0.943,0.590,0.281
Moldova,2016,5.578,9.300,0.837,63.600,0.557,-0.047,0.969,0.621,0.275
Moldova,2017,5.326,9.363,0.831,64.300,0.553,-0.053,0.926,0.581,0.259
Moldova,2018,5.682,9.423,0.892,65.000,0.824,-0.084,0.929,0.582,0.270
Moldova,2019,5.803,9.475,0.809,65.700,0.784,-0.092,0.884,0.631,0.262
Moldova,2020,5.812,9.462,0.874,66.400,0.859,-0.058,0.941,0.727,0.268
Mongolia,2011,5.031,9.061,0.948,60.500,0.700,0.151,0.931,0.692,0.153
Mongolia,2012,4.885,9.158,0.919,60.800,0.688,0.107,0.932,0.689,0.181
Mongolia,2013,4.913,9.248,0.935,61.100,0.748,0.136,0.928,0.649,0.179
Mongolia,2014,4.825,9.304,0.943,61.400,0.752,0.146,0.909,0.627,0.170
Mongolia,2015,4.983,9.308,0.906,61.700,0.686,0.173,0.900,0.653,0.208
Mongolia,2016,5.057,9.300,0.947,61.900,0.760,0.090,0.900,0.694,0.171
Mongolia,2017,5.334,9.334,0.924,62.100,0.675,0.119,0.865,0.675,0.214
Mongolia,2018,5.465,9.386,0.942,62.300,0.696,0.054,0.849,0.654,0.192
Mongolia,2019,5.563,9.418,0.946,62.500,0.711,0.149,0.873,0.707,0.167
Mongolia,2020,6.011,9.396,0.918,62.700,0.718,0.141,0.843,0.636,0.260
Montenegro,2011,5.223,9.755,0.818,67.260,0.546,-0.226,0.762,0.603,0.378
Montenegro,2012,5.219,9.726,0.704,67.420,0.462,-0.192,0.755,0.574,0.379
Montenegro,2013,5.074,9.760,0.736,67.580,0.502,-0.176,0.693,0.539,0.331
Montenegro,2014,5.283,9.777,0.863,67.740,0.503,0.097,0.768,0.587,0.368
Montenegro,2015,5.125,9.810,0.740,67.900,0.583,-0.144,0.781,0.580,0.337
Montenegro,2016,5.304,9.839,0.866,68.100,0.569,-0.087,0.849,0.591,0.337
Montenegro,2017,5.615,9.885,0.881,68.300,0.626,-0.083,0.756,0.519,0.350
Montenegro,2018,5.650,9.934,0.856,68.500,0.626,-0.051,0.769,0.590,0.355
Montenegro,2019,5.386,9.970,0.832,68.700,0.694,-0.105,0.820,0.591,0.366
Montenegro,2020,5.722,9.913,0.887,68.900,0.802,0.060,0.845,0.603,0.411
Morocco,2011,5.085,8.783,0.833,63.800,0.579,-0.218,0.875,0.736,0.187
Morocco,2012,4.970,8.799,0.676,64.100,0.757,-0.187,0.845,0.687,0.281
Morocco,2013,5.142,8.829,0.597,64.400,0.572,-0.210,0.771,0.784,0.239
Morocco,2015,5.163,8.872,0.606,65.000,0.713,-0.228,0.842,0.661,0.262
Morocco,2016,5.386,8.869,0.655,65.300,0.817,-0.237,0.717,0.713,0.205
Morocco,2017,5.312,8.898,0.641,65.600,0.814,-0.216,0.841,0.559,0.323
Morocco,2018,4.897,8.914,0.554,65.900,0.773,-0.234,0.843,0.638,0.416
Morocco,2019,5.057,8.925,0.535,66.200,0.757,-0.244,0.757,0.589,0.410
Morocco,2020,4.803,8.871,0.553,66.500,0.819,-0.229,0.803,0.587,0.256
Myanmar,2012,4.439,8.158,0.612,57.020,0.691,0.645,0.695,0.764,0.205
Myanmar,2013,4.176,8.230,0.757,57.380,0.775,0.689,0.638,0.803,0.217
Myanmar,2014,4.786,8.299,0.774,57.740,,0.698,0.592,0.858,0.112
Myanmar,2015,4.224,8.359,0.752,58.100,0.808,0.688,0.633,0.866,0.272
Myanmar,2016,4.623,8.408,0.793,58.400,0.877,0.679,0.607,0.804,0.302
Myanmar,2017,4.154,8.464,0.795,58.700,0.886,0.650,0.619,0.746,0.282
Myanmar,2018,4.411,8.523,0.774,59.000,0.906,0.490,0.647,0.777,0.300
Myanmar,2019,4.434,8.545,0.763,59.300,0.899,0.561,0.682,0.755,0.286
Myanmar,2020,4.431,8.554,0.796,59.600,0.825,0.470,0.647,0.800,0.289
Nepal,2011,3.809,7.797,0.741,59.400,0.525,-0.010,0.935,0.699,0.207
Nepal,2012,4.233,7.846,0.734,59.600,0.638,0.070,0.883,0.736,0.231
Nepal,2013,4.605,7.889,0.740,59.800,0.722,0.151,0.877,0.629,0.279
Nepal,2014,4.975,7.948,0.786,60.000,0.712,0.121,0.841,0.614,0.287
Nepal,2015,4.812,7.976,0.748,60.200,0.763,0.227,0.824,0.543,0.358
Nepal,2016,5.100,7.973,0.837,61.300,0.839,0.168,0.817,0.627,0.370
Nepal,2017,4.737,8.039,0.816,62.400,0.845,0.134,0.770,0.571,0.376
Nepal,2018,4.910,8.087,0.768,63.500,0.770,0.122,0.742,0.537,0.387
Nepal,2019,5.449,8.136,0.772,64.600,0.790,0.167,0.712,0.536,0.357
Netherlands,2011,7.564,10.875,0.938,71.520,0.925,0.336,0.359,0.863,0.181
Netherlands,2012,7.471,10.861,0.939,71.640,0.877,0.288,0.434,0.861,0.226
Netherlands,2013,7.407,10.857,0.925,71.760,0.919,0.305,0.505,0.867,0.235
Netherlands,2014,7.321,10.867,0.909,71.880,0.910,0.331,0.457,0.868,0.221
Netherlands,2015,7.324,10.882,0.879,72.000,0.904,0.261,0.412,0.834,0.202
Netherlands,2016,7.541,10.899,0.926,72.100,0.907,0.239,0.433,0.838,0.215
Netherlands,2017,7.459,10.921,0.937,72.200,0.920,0.250,0.363,0.852,0.185
Netherlands,2018,7.463,10.941,0.939,72.300,0.920,0.161,0.371,0.862,0.205
Netherlands,2019,7.425,10.953,0.941,72.400,0.886,0.213,0.360,0.838,0.231
Netherlands,2020,7.504,10.901,0.944,72.500,0.935,0.151,0.281,0.784,0.247
New Zealand,2011,7.191,10.536,0.954,72.120,0.935,0.284,0.269,0.864,0.210
New Zealand,2012,7.250,10.553,0.930,72.240,0.902,0.287,0.289,0.866,0.207
New Zealand,2013,7.280,10.571,0.958,72.360,0.944,0.237,0.312,0.835,0.151
New Zealand,2014,7.306,10.592,0.942,72.480,0.932,0.348,0.273,0.848,0.199
New Zealand,2015,7.418,10.608,0.987,72.600,0.942,0.329,0.186,0.834,0.160
New Zealand,2016,7.226,10.623,0.937,72.800,0.927,0.266,0.278,0.833,0.207
New Zealand,2017,7.327,10.633,0.955,73.000,0.942,0.294,0.222,0.817,0.172
New Zealand,2018,7.370,10.660,0.954,73.200,0.949,0.120,0.207,0.845,0.168
New Zealand,2019,7.205,10.666,0.939,73.400,0.912,0.157,0.234,0.816,0.191
New Zealand,2020,7.257,10.600,0.952,73.600,0.918,0.125,0.283,0.849,0.209
Nicaragua,2011,5.386,8.484,0.800,65.720,0.779,-0.020,0.760,0.791,0.309
Nicaragua,2012,5.448,8.534,0.894,65.940,0.850,0.017,0.644,0.803,0.255
Nicaragua,2013,5.772,8.569,0.868,66.160,0.859,0.039,0.636,0.839,0.271
Nicaragua,2014,6.275,8.602,0.839,66.380,0.817,0.104,0.699,0.813,0.334
Nicaragua,2015,5.924,8.636,0.827,66.600,0.809,0.077,0.728,0.797,0.346
Nicaragua,2016,6.013,8.668,0.853,66.900,0.717,0.039,0.731,0.805,0.380
Nicaragua,2017,6.476,8.700,0.838,67.200,0.922,0.010,0.673,0.850,0.308
Nicaragua,2018,5.819,8.647,0.854,67.500,0.797,0.009,0.713,0.793,0.408
Nicaragua,2019,6.113,8.595,0.874,67.800,0.883,0.029,0.622,0.835,0.337
Niger,2011,4.556,6.925,0.818,49.920,0.780,-0.055,0.549,0.700,0.166
Niger,2012,3.798,6.987,0.700,50.440,0.734,-0.064,0.777,0.603,0.142
Niger,2013,3.716,7.002,0.696,50.960,0.825,-0.077,0.711,0.650,0.208
Niger,2014,4.181,7.027,0.753,51.480,0.688,-0.046,0.605,0.678,0.205
Niger,2015,3.671,7.030,0.713,52.000,0.728,-0.032,0.703,0.682,0.218
Niger,2016,4.235,7.047,0.683,52.500,0.702,-0.016,0.814,0.675,0.325
Niger,2017,4.616,7.058,0.582,53.000,0.684,-0.030,0.778,0.731,0.427
Niger,2018,5.164,7.087,0.612,53.500,0.791,0.009,0.637,0.771,0.503
Niger,2019,5.004,7.106,0.677,54.000,0.831,0.026,0.729,0.816,0.304
North Macedonia,2011,4.898,9.518,0.784,64.661,0.607,-0.087,0.865,0.588,0.363
North Macedonia,2012,4.640,9.513,0.798,64.811,0.613,-0.084,0.920,0.642,0.422
North Macedonia,2013,5.186,9.541,0.832,64.942,0.641,0.025,0.861,0.578,0.331
North Macedonia,2014,5.204,9.576,0.793,65.053,0.645,0.035,0.861,0.637,0.307
North Macedonia,2015,4.976,9.613,0.766,65.145,0.660,-0.047,0.824,0.620,0.299
North Macedonia,2016,5.346,9.640,0.871,65.225,0.706,0.080,0.870,0.639,0.292
North Macedonia,2017,5.234,9.650,0.800,65.303,0.752,-0.059,0.856,0.502,0.299
North Macedonia,2018,5.240,9.677,0.849,65.389,0.745,-0.041,0.910,0.590,0.298
North Macedonia,2019,5.015,9.711,0.815,65.474,0.725,0.024,0.923,0.576,0.304
North Macedonia,2020,5.054,9.690,0.750,65.560,0.787,0.131,0.877,0.605,0.365
Pakistan,2011,5.267,8.276,0.510,56.420,0.376,0.030,0.857,0.628,0.358
Pakistan,2012,5.132,8.289,0.542,56.640,0.367,0.165,0.842,0.665,0.332
Pakistan,2013,5.138,8.311,0.607,56.860,0.448,0.100,0.792,0.598,0.274
Pakistan,2014,5.436,8.336,0.552,57.080,0.543,0.140,0.677,0.585,0.295
Pakistan,2015,4.823,8.361,0.562,57.300,0.587,0.085,0.717,0.575,0.329
Pakistan,2016,5.549,8.394,0.627,57.700,0.634,0.095,0.793,0.648,0.332
Pakistan,2017,5.831,8.428,0.690,58.100,0.713,0.045,0.714,0.586,0.308
Pakistan,2018,5.472,8.464,0.685,58.500,0.773,0.069,0.799,0.567,0.377
Pakistan,2019,4.443,8.453,0.617,58.900,0.685,0.124,0.776,0.581,0.424
Palestinian Territories,2011,4.751,8.474,0.751,,0.522,-0.127,0.750,0.567,0.388
Palestinian Territories,2012,4.647,8.531,0.782,,0.542,-0.153,0.730,0.616,0.379
Palestinian Territories,2013,4.844,8.489,0.761,,0.454,-0.150,0.780,0.594,0.365
Palestinian Territories,2014,4.722,8.457,0.775,,0.657,-0.147,0.804,0.565,0.380
Palestinian Territories,2015,4.695,8.480,0.766,,0.556,-0.153,0.774,0.594,0.369
Palestinian Territories,2016,4.907,8.498,0.818,,0.608,-0.129,0.812,0.593,0.378
Palestinian Territories,2017,4.628,8.485,0.824,,0.632,-0.163,0.831,0.597,0.416
Palestinian Territories,2018,4.554,,0.819,,0.655,,0.814,0.610,0.419
Palestinian Territories,2019,4.483,,0.833,,0.653,,0.829,0.625,0.400
Panama,2011,7.248,10.059,0.876,68.500,0.829,0.009,0.840,0.885,0.180
Panama,2012,6.860,10.135,0.897,68.700,0.783,-0.002,0.796,0.869,0.207
Panama,2013,6.866,10.184,0.896,68.900,0.811,0.018,0.814,0.869,0.226
Panama,2014,6.631,10.217,0.873,69.100,0.894,0.002,0.847,0.808,0.254
Panama,2015,6.606,10.255,0.883,69.300,0.847,-0.007,0.810,0.801,0.264
Panama,2016,6.118,10.287,0.882,69.400,0.884,-0.102,0.837,0.858,0.244
Panama,2017,6.568,10.324,0.912,69.500,0.900,-0.170,0.841,0.833,0.242
Panama,2018,6.281,10.343,0.904,69.600,0.861,-0.131,0.837,0.884,0.223
Panama,2019,6.086,10.356,0.886,69.700,0.883,-0.199,0.869,0.878,0.244
Peru,2011,5.892,9.270,0.756,66.480,0.773,-0.123,0.824,0.780,0.331
Peru,2012,5.825,9.322,0.764,66.660,0.703,-0.079,0.867,0.757,0.398
Peru,2013,5.783,9.369,0.797,66.840,0.703,-0.066,0.870,0.778,0.390
Peru,2014,5.866,9.382,0.819,67.020,0.722,-0.136,0.878,0.759,0.319
Peru,2015,5.577,9.402,0.798,67.200,0.802,-0.090,0.884,0.754,0.378
Peru,2016,5.701,9.426,0.803,67.500,0.830,-0.134,0.866,0.822,0.338
Peru,2017,5.711,9.434,0.830,67.800,0.827,-0.154,0.895,0.789,0.394
Peru,2018,5.680,9.456,0.845,68.100,0.830,-0.178,0.906,0.809,0.380
Peru,2019,5.999,9.461,0.809,68.400,0.815,-0.130,0.874,0.820,0.375
Philippines,2011,4.994,8.707,0.789,60.800,0.883,0.073,0.783,0.851,0.358
Philippines,2012,5.002,8.756,0.813,61.000,0.914,0.053,0.771,0.865,0.351
Philippines,2013,4.977,8.805,0.846,61.200,0.907,0.021,0.756,0.799,0.332
Philippines,2014,5.313,8.850,0.813,61.400,0.902,-0.015,0.787,0.813,0.334
Philippines,2015,5.547,8.896,0.854,61.600,0.912,-0.051,0.755,0.805,0.351
Philippines,2016,5.431,8.950,0.821,61.700,0.908,-0.071,0.792,0.821,0.290
Philippines,2017,5.594,9.002,0.851,61.800,0.926,-0.141,0.711,0.769,0.341
Philippines,2018,5.869,9.050,0.846,61.900,0.918,-0.108,0.726,0.773,0.393
Philippines,2019,6.268,9.095,0.845,62.000,0.910,-0.083,0.748,0.781,0.341
Philippines,2020,5.080,9.061,0.781,62.100,0.932,-0.116,0.744,0.804,0.327
Poland,2011,5.646,10.133,0.905,67.460,0.868,-0.067,0.908,0.725,0.224
Poland,2012,5.876,10.149,0.936,67.620,0.811,-0.027,0.888,0.787,0.267
Poland,2013,5.746,10.164,0.912,67.780,0.776,-0.137,0.916,0.784,0.242
Poland,2014,5.750,10.197,0.924,67.940,0.875,-0.064,0.898,0.777,0.223
Poland,2015,6.007,10.235,0.893,68.100,0.793,-0.093,0.810,0.734,0.240
Poland,2016,6.162,10.266,0.917,68.500,0.871,-0.091,0.848,0.777,0.224
Poland,2017,6.201,10.314,0.882,68.900,0.831,-0.122,0.639,0.677,0.203
Poland,2018,6.111,10.366,0.863,69.300,0.870,-0.254,0.720,0.742,0.176
Poland,2019,6.242,10.407,0.878,69.700,0.883,-0.231,0.696,0.725,0.168
Poland,2020,6.139,10.371,0.953,70.100,0.767,-0.007,0.787,0.760,0.329
Portugal,2011,5.220,10.353,0.856,71.000,0.875,-0.173,0.962,0.725,0.279
Portugal,2012,4.994,10.315,0.866,71.200,0.774,-0.097,0.959,0.729,0.370
Portugal,2013,5.158,10.312,0.867,71.400,0.788,-0.118,0.946,0.700,0.348
Portugal,2014,5.127,10.325,0.862,71.600,0.847,-0.126,0.941,0.705,0.358
Portugal,2015,5.081,10.347,0.866,71.800,0.800,-0.163,0.941,0.657,0.371
Portugal,2016,5.447,10.370,0.905,72.000,0.838,-0.225,0.922,0.684,0.326
Portugal,2017,5.711,10.407,0.900,72.200,0.905,-0.176,0.881,0.649,0.294
Portugal,2018,5.920,10.434,0.887,72.400,0.877,-0.261,0.880,0.679,0.318
Portugal,2019,6.095,10.457,0.876,72.600,0.882,-0.234,0.915,0.710,0.300
Portugal,2020,5.768,10.371,0.875,72.800,0.913,-0.238,0.867,0.648,0.383
Romania,2011,5.023,9.940,0.753,65.420,0.650,-0.140,0.964,0.543,0.294
Romania,2012,5.167,9.965,0.740,65.640,0.645,-0.112,0.959,0.556,0.343
Romania,2013,5.082,10.004,0.778,65.860,0.655,-0.129,0.952,0.640,0.329
Romania,2014,5.727,10.041,0.753,66.080,0.754,-0.100,0.958,0.654,0.331
Romania,2015,5.777,10.083,0.787,66.300,0.796,-0.141,0.962,0.714,0.312
Romania,2016,5.969,10.136,0.809,66.600,0.822,-0.115,0.949,0.694,0.258
Romania,2017,6.090,10.211,0.811,66.900,0.839,-0.160,0.926,0.734,0.231
Romania,2018,6.151,10.260,0.818,67.200,0.845,-0.217,0.921,0.735,0.298
Romania,2019,6.130,10.306,0.842,67.500,0.848,-0.221,0.954,0.697,0.244
Russia,2011,5.389,10.129,0.883,61.420,0.626,-0.279,0.935,0.601,0.165
Russia,2012,5.621,10.166,0.901,61.840,0.609,-0.293,0.938,0.611,0.174
Russia,2013,5.537,10.182,0.881,62.260,0.661,-0.289,0.934,0.680,0.180
Russia,2014,6.037,10.171,0.932,62.680,0.744,-0.265,0.869,0.688,0.151
Russia,2015,5.996,10.149,0.924,63.100,0.685,-0.171,0.913,0.679,0.130
Russia,2016,5.855,10.149,0.911,63.500,0.714,-0.181,0.925,0.636,0.142
Russia,2017,5.579,10.166,0.896,63.900,0.731,-0.145,0.862,0.710,0.195
Russia,2018,5.514,10.191,0.909,64.300,0.729,-0.147,0.865,0.673,0.199
Russia,2019,5.441,10.205,0.910,64.700,0.715,-0.116,0.848,0.691,0.200
Russia,2020,5.495,10.162,0.887,65.100,0.714,-0.071,0.823,0.645,0.190
Rwanda,2011,4.097,7.369,0.570,56.820,0.829,-0.039,0.161,0.665,0.154
Rwanda,2012,3.333,7.428,0.637,57.440,0.835,-0.012,0.081,0.703,0.132
Rwanda,2013,3.466,7.449,0.750,58.060,0.904,-0.028,0.117,0.760,0.167
Rwanda,2014,3.596,7.484,0.748,58.680,0.894,-0.023,0.078,0.763,0.134
Rwanda,2015,3.483,7.544,0.678,59.300,0.908,0.025,0.095,0.721,0.206
Rwanda,2016,3.333,7.576,0.665,59.900,0.911,0.025,0.159,0.752,0.285
Rwanda,2017,3.108,7.588,0.517,60.500,0.908,0.051,0.214,0.762,0.358
Rwanda,2018,3.561,7.644,0.616,61.100,0.924,0.057,0.164,0.793,0.308
Rwanda,2019,3.268,7.708,0.489,61.700,0.869,0.064,0.168,0.736,0.418
Saudi Arabia,2011,6.700,10.758,0.830,64.600,0.603,-0.142,,0.726,0.240
Saudi Arabia,2012,6.396,10.779,0.867,64.800,0.560,-0.120,,0.715,0.225
Saudi Arabia,2013,6.495,10.776,0.827,65.000,0.661,-0.081,,0.744,0.276
Saudi Arabia,2014,6.278,10.783,0.818,65.200,0.762,-0.073,,0.705,0.313
Saudi Arabia,2015,6.345,10.798,0.820,65.400,0.820,-0.045,,0.724,0.327
Saudi Arabia,2016,6.474,10.792,0.890,65.700,0.774,-0.132,,0.793,0.266
Saudi Arabia,2017,6.294,10.764,0.840,66.000,0.814,-0.131,,0.775,0.306
Saudi Arabia,2018,6.356,10.771,0.868,66.300,0.855,-0.192,,0.764,0.288
Saudi Arabia,2019,6.561,10.757,0.912,66.600,0.891,-0.147,,0.732,0.238
Saudi Arabia,2020,6.560,10.701,0.890,66.900,0.884,-0.111,,0.754,0.251
Senegal,2011,3.834,7.904,0.602,56.560,0.641,-0.160,0.870,0.752,0.180
Senegal,2012,3.669,7.926,0.711,57.020,0.668,-0.036,0.852,0.771,0.214
Senegal,2013,3.647,7.926,0.823,57.480,0.636,-0.052,0.837,0.680,0.165
Senegal,2014,4.395,7.961,0.856,57.940,0.692,-0.045,0.700,0.725,0.157
Senegal,2015,4.617,7.995,0.702,58.400,0.720,-0.111,0.765,0.711,0.208
Senegal,2016,4.595,8.029,0.839,58.800,0.744,-0.086,0.794,0.784,0.245
Senegal,2017,4.683,8.072,0.744,59.200,0.687,-0.044,0.825,0.746,0.291
Senegal,2018,4.769,8.106,0.739,59.600,0.629,-0.074,0.805,0.714,0.247
Senegal,2019,5.489,8.130,0.688,60.000,0.759,-0.019,0.796,0.789,0.332
Serbia,2011,4.815,9.607,0.773,66.360,0.440,-0.185,0.977,0.545,0.410
Serbia,2012,5.155,9.605,0.819,66.520,0.461,-0.130,0.952,0.514,0.371
Serbia,2013,5.102,9.638,0.828,66.680,0.533,-0.100,0.908,0.529,0.403
Serbia,2014,5.113,9.627,0.783,66.840,0.532,0.072,0.912,0.498,0.326
Serbia,2015,5.318,9.649,0.816,67.000,0.546,-0.062,0.859,0.496,0.303
Serbia,2016,5.753,9.688,0.895,67.400,0.614,-0.068,0.890,0.535,0.298
Serbia,2017,5.122,9.713,0.884,67.800,0.685,-0.077,0.851,0.510,0.326
Serbia,2018,5.936,9.762,0.853,68.200,0.740,-0.100,0.864,0.559,0.296
Serbia,2019,6.241,9.808,0.903,68.600,0.753,-0.040,0.813,0.509,0.242
Serbia,2020,6.042,9.788,0.852,69.000,0.843,0.149,0.824,0.603,0.358
Slovakia,2011,5.945,10.196,0.917,67.040,0.727,0.010,0.907,0.637,0.287
Slovakia,2012,5.911,10.213,0.926,67.280,0.620,-0.028,0.907,0.656,0.302
Slovakia,2013,5.937,10.218,0.909,67.520,0.598,-0.051,0.915,0.698,0.277
Slovakia,2014,6.139,10.244,0.924,67.760,0.635,-0.126,0.914,0.703,0.267
Slovakia,2015,6.162,10.291,0.943,68.000,0.587,-0.128,0.928,0.714,0.269
Slovakia,2016,5.993,10.310,0.945,68.300,0.700,-0.061,0.917,0.774,0.232
Slovakia,2017,6.366,10.339,0.913,68.600,0.714,-0.055,0.920,0.788,0.213
Slovakia,2018,6.235,10.376,0.922,68.900,0.758,-0.167,0.910,0.754,0.253
Slovakia,2019,6.243,10.398,0.933,69.200,0.771,-0.129,0.926,0.750,0.252
Slovakia,2020,6.519,10.332,0.954,69.500,0.762,-0.075,0.901,0.764,0.274
Slovenia,2011,6.036,10.426,0.931,69.400,0.907,-0.025,0.893,0.652,0.285
Slovenia,2012,6.063,10.397,0.925,69.600,0.904,-0.020,0.891,0.656,0.284
Slovenia,2013,5.975,10.385,0.932,69.800,0.890,0.036,0.918,0.635,0.274
Slovenia,2014,5.678,10.412,0.908,70.000,0.888,0.052,0.909,0.620,0.291
Slovenia,2015,5.741,10.433,0.901,70.200,0.896,0.008,0.892,0.659,0.261
Slovenia,2016,5.937,10.463,0.934,70.500,0.904,-0.055,0.838,0.626,0.272
Slovenia,2017,6.167,10.509,0.928,70.800,0.921,-0.025,0.829,0.615,0.286
Slovenia,2018,6.249,10.546,0.941,71.100,0.942,-0.119,0.839,0.644,0.275
Slovenia,2019,6.665,10.563,0.949,71.400,0.945,-0.102,0.785,0.679,0.228
Slovenia,2020,6.462,10.478,0.953,71.700,0.958,-0.081,0.797,0.610,0.314
South Africa,2011,4.931,9.447,0.858,51.460,0.835,-0.154,0.819,0.763,0.230
South Africa,2012,5.134,9.453,0.907,52.420,0.590,-0.163,0.838,0.761,0.178
South Africa,2013,3.661,9.461,0.839,53.380,0.714,-0.077,0.800,0.773,0.167
South Africa,2014,4.828,9.464,0.881,54.340,0.794,-0.117,0.820,0.798,0.243
South Africa,2015,4.887,9.460,0.898,55.300,0.862,-0.127,0.853,0.781,0.161
South Africa,2016,4.770,9.450,0.875,55.700,0.774,-0.070,0.813,0.786,0.301
South Africa,2017,4.514,9.450,0.870,56.100,0.787,-0.129,0.865,0.785,0.268
South Africa,2018,4.884,9.444,0.841,56.500,0.753,-0.050,0.841,0.812,0.283
South Africa,2019,5.035,9.432,0.848,56.900,0.738,-0.134,0.820,0.801,0.268
South Africa,2020,4.947,9.332,0.891,57.300,0.757,-0.015,0.912,0.820,0.294
South Korea,2011,6.947,10.475,0.809,71.660,0.682,-0.048,0.827,0.656,0.168
South Korea,2012,6.003,10.494,0.775,71.920,0.618,,0.844,0.664,0.206
South Korea,2013,5.959,10.520,0.797,72.180,0.642,-0.050,0.832,0.676,0.189
South Korea,2014,5.801,10.546,0.738,72.440,0.623,-0.043,0.834,0.653,0.283
South Korea,2015,5.780,10.568,0.768,72.700,0.616,-0.036,0.841,0.650,0.244
South Korea,2016,5.971,10.593,0.811,73.000,0.591,0.026,0.862,0.676,0.233
South Korea,2017,5.874,10.621,0.807,73.300,0.538,0.014,0.851,0.623,0.235
South Korea,2018,5.840,10.643,0.798,73.600,0.600,-0.089,0.797,0.661,0.217
South Korea,2019,5.903,10.661,0.783,73.900,0.706,-0.055,0.718,0.684,0.236
South Korea,2020,5.793,10.648,0.808,74.200,0.711,-0.106,0.665,0.640,0.247
Spain,2011,6.518,10.518,0.944,73.020,0.819,-0.122,0.846,0.737,0.356
Spain,2012,6.291,10.487,0.937,73.140,0.755,-0.059,0.844,0.749,0.366
Spain,2013,6.150,10.476,0.929,73.260,0.759,-0.101,0.916,0.696,0.372
Spain,2014,6.456,10.492,0.948,73.380,0.738,-0.028,0.854,0.716,0.335
Spain,2015,6.381,10.531,0.956,73.500,0.732,-0.072,0.822,0.732,0.285
Spain,2016,6.319,10.560,0.942,73.800,0.768,-0.048,0.819,0.653,0.301
Spain,2017,6.230,10.586,0.903,74.100,0.756,-0.032,0.791,0.625,0.302
Spain,2018,6.513,10.605,0.910,74.400,0.722,-0.075,0.777,0.659,0.357
Spain,2019,6.457,10.618,0.949,74.700,0.778,-0.049,0.730,0.663,0.316
Spain,2020,6.502,10.488,0.935,75.000,0.783,-0.121,0.730,0.686,0.317
Sweden,2011,7.382,10.814,0.921,71.980,0.941,0.161,0.269,0.815,0.179
Sweden,2012,7.560,10.800,0.929,72.060,0.944,0.132,0.254,0.855,0.170
Sweden,2013,7.434,10.804,0.916,72.140,0.936,0.159,0.324,0.829,0.184
Sweden,2014,7.239,10.820,0.933,72.220,0.945,0.202,0.250,0.836,0.208
Sweden,2015,7.289,10.853,0.929,72.300,0.935,0.211,0.232,0.818,0.191
Sweden,2016,7.369,10.861,0.912,72.400,0.918,0.146,0.246,0.816,0.201
Sweden,2017,7.287,10.873,0.914,72.500,0.935,0.170,0.239,0.814,0.175
Sweden,2018,7.375,10.881,0.931,72.600,0.942,0.077,0.263,0.823,0.161
Sweden,2019,7.398,10.882,0.934,72.700,0.942,0.091,0.250,0.826,0.202
Sweden,2020,7.314,10.838,0.936,72.800,0.951,0.091,0.203,0.766,0.222
Taiwan Province of China,2011,6.309,10.705,0.863,,0.761,0.035,0.755,0.827,0.112
Taiwan Province of China,2012,6.126,10.716,0.825,,0.698,0.022,0.803,0.821,0.140
Taiwan Province of China,2013,6.340,10.750,0.817,,0.690,0.002,0.841,0.846,0.124
Taiwan Province of China,2014,6.363,10.798,0.870,,0.693,0.092,0.866,0.849,0.108
Taiwan Province of China,2015,6.450,10.842,0.885,,0.701,0.019,0.857,0.832,0.129
Taiwan Province of China,2016,6.513,10.855,0.895,,0.719,-0.049,0.811,0.833,0.108
Taiwan Province of China,2017,6.359,10.871,0.891,,0.760,-0.070,0.743,0.837,0.114
Taiwan Province of China,2018,6.467,,0.896,,0.741,,0.736,0.848,0.093
Taiwan Province of China,2019,6.537,,0.893,,0.814,,0.718,0.860,0.093
Taiwan Province of China,2020,6.751,,0.901,,0.799,,0.711,0.845,0.083
Tajikistan,2011,4.263,7.772,0.751,62.560,0.776,-0.119,0.672,0.698,0.166
Tajikistan,2012,4.497,7.821,0.729,62.720,0.749,-0.073,0.717,0.714,0.198
Tajikistan,2013,4.967,7.870,0.701,62.880,0.693,0.063,0.764,0.677,0.170
Tajikistan,2014,4.896,7.911,0.810,63.040,0.853,0.002,0.698,0.656,0.196
Tajikistan,2015,5.124,7.945,0.844,63.200,0.847,0.022,0.742,0.689,0.196
Tajikistan,2016,5.104,7.987,0.857,63.500,0.703,0.010,0.632,0.644,0.220
Tajikistan,2017,5.829,8.036,0.663,63.800,0.832,0.124,0.718,0.603,0.278
Tajikistan,2018,5.497,8.082,0.875,64.100,,-0.065,0.578,0.695,0.220
Tajikistan,2019,5.464,8.126,0.880,64.400,,-0.045,0.490,0.729,0.178
Tajikistan,2020,5.373,8.080,0.790,64.700,,-0.040,0.550,0.749,0.344
Tanzania,2011,4.074,7.649,0.883,53.040,0.736,-0.046,0.816,0.765,0.145
Tanzania,2012,4.007,7.663,0.832,53.780,0.577,0.213,0.887,0.679,0.195
Tanzania,2013,3.852,7.699,0.803,54.520,0.654,0.054,0.859,0.738,0.191
Tanzania,2014,3.483,7.734,0.789,55.260,0.654,0.110,0.878,0.731,0.241
Tanzania,2015,3.661,7.764,0.790,56.000,0.759,0.149,0.906,0.619,0.192
Tanzania,2016,2.903,7.800,0.638,56.500,0.775,0.179,0.739,0.694,0.246
Tanzania,2017,3.347,7.836,0.705,57.000,0.800,0.116,0.654,0.715,0.255
Tanzania,2018,3.445,7.859,0.675,57.500,0.807,0.153,0.612,0.762,0.221
Tanzania,2019,3.640,7.886,0.687,58.000,0.850,0.100,0.589,0.726,0.243
Tanzania,2020,3.786,7.881,0.740,58.500,0.830,0.295,0.521,0.686,0.271
Thailand,2011,6.664,9.579,0.884,65.720,0.927,0.400,0.923,0.934,0.117
Thailand,2012,6.300,9.645,0.906,65.940,0.847,0.380,0.909,0.855,0.138
Thailand,2013,6.231,9.667,0.926,66.160,0.781,0.456,0.925,0.846,0.141
Thailand,2014,6.985,9.672,0.933,66.380,0.900,0.553,0.920,0.811,0.169
Thailand,2015,6.202,9.699,0.866,66.600,0.885,0.316,0.914,0.910,0.174
Thailand,2016,6.074,9.729,0.908,66.800,0.924,0.356,0.878,0.835,0.218
Thailand,2017,5.939,9.765,0.877,67.000,0.923,0.212,0.884,0.816,0.232
Thailand,2018,6.012,9.803,0.873,67.200,0.905,0.259,0.907,0.843,0.198
Thailand,2019,6.022,9.824,0.903,67.400,0.898,0.309,0.877,0.843,0.208
Thailand,2020,5.885,9.769,0.867,67.600,0.840,0.273,0.918,0.783,0.326
Tunisia,2011,4.876,9.192,0.715,65.280,0.603,-0.199,0.913,0.588,0.248
Tunisia,2012,4.464,9.222,0.614,65.460,0.568,-0.176,0.899,0.521,0.327
Tunisia,2013,5.246,9.240,0.648,65.640,0.536,-0.207,0.886,0.517,0.239
Tunisia,2014,4.764,9.260,0.680,65.820,0.589,-0.232,0.783,0.503,0.321
Tunisia,2015,5.132,9.261,0.609,66.000,0.711,-0.226,0.815,0.573,0.320
Tunisia,2016,4.521,9.262,0.702,66.300,0.614,-0.165,0.811,0.612,0.378
Tunisia,2017,4.124,9.269,0.717,66.600,0.478,-0.219,0.869,0.421,0.377
Tunisia,2018,4.741,9.284,0.733,66.900,0.650,-0.191,0.840,0.592,0.365
Tunisia,2019,4.315,9.283,0.610,67.200,0.659,-0.209,0.889,0.539,0.433
Tunisia,2020,4.731,9.231,0.719,67.500,0.668,-0.202,0.877,0.585,0.439
Turkey,2011,5.272,9.996,0.692,64.640,0.446,-0.242,0.649,0.621,0.380
Turkey,2012,5.309,10.026,0.739,64.880,0.471,-0.216,0.702,0.645,0.335
Turkey,2013,4.888,10.091,0.795,65.120,0.541,-0.229,0.698,0.635,0.392
Turkey,2014,5.580,10.124,0.863,65.360,0.649,-0.024,0.764,0.483,0.377
Turkey,2015,5.514,10.166,0.851,65.600,0.653,-0.016,0.806,0.460,0.382
Turkey,2016,5.326,10.181,0.880,66.000,0.644,-0.065,0.764,0.465,0.390
Turkey,2017,5.607,10.238,0.876,66.400,0.644,-0.237,0.671,0.450,0.313
Turkey,2018,5.186,10.251,0.847,66.800,0.529,-0.176,0.805,0.435,0.351
Turkey,2019,4.872,10.246,0.792,67.200,0.631,-0.136,0.760,0.422,0.368
Turkey,2020,4.862,10.219,0.857,67.600,0.510,-0.111,0.774,0.384,0.440
Turkmenistan,2011,5.792,9.182,0.964,60.040,,0.018,,0.639,0.122
Turkmenistan,2012,5.464,9.269,0.946,60.280,0.786,-0.123,,0.584,0.117
Turkmenistan,2013,5.392,9.348,0.846,60.520,0.705,-0.071,,0.599,0.160
Turkmenistan,2014,5.787,9.427,0.909,60.760,0.805,0.032,,0.695,0.154
Turkmenistan,2015,5.791,9.472,0.960,61.000,0.701,0.093,,0.705,0.301
Turkmenistan,2016,5.887,9.515,0.929,61.400,0.749,0.005,,0.636,0.255
Turkmenistan,2017,5.229,9.561,0.908,61.800,0.720,0.066,,0.521,0.350
Turkmenistan,2018,4.621,9.605,0.984,62.200,0.858,0.260,,0.612,0.189
Turkmenistan,2019,5.474,9.651,0.982,62.600,0.892,0.285,,0.510,0.183
Uganda,2011,4.826,7.586,0.882,51.220,0.733,0.032,0.830,0.678,0.254
Uganda,2012,4.309,7.592,0.885,52.040,0.649,0.081,0.838,0.754,0.265
Uganda,2013,3.710,7.595,0.878,52.860,0.763,0.053,0.820,0.676,0.346
Uganda,2014,3.770,7.611,0.821,53.680,0.834,0.009,0.898,0.681,0.397
Uganda,2015,4.238,7.627,0.747,54.500,0.758,0.135,0.873,0.703,0.353
Uganda,2016,4.233,7.637,0.754,54.900,0.739,0.132,0.811,0.668,0.410
Uganda,2017,4.001,7.638,0.740,55.300,0.772,0.060,0.816,0.703,0.400
Uganda,2018,4.322,7.660,0.740,55.700,0.729,0.079,0.856,0.685,0.390
Uganda,2019,4.948,7.688,0.805,56.100,0.704,0.139,0.826,0.693,0.385
Uganda,2020,4.641,7.684,0.800,56.500,0.687,0.147,0.878,0.699,0.425
Ukraine,2011,5.083,9.431,0.859,62.500,0.579,-0.228,0.933,0.590,0.220
Ukraine,2012,5.030,9.436,0.898,62.800,0.564,-0.223,0.896,0.570,0.193
Ukraine,2013,4.711,9.438,0.897,63.100,0.569,-0.216,0.937,0.643,0.225
Ukraine,2014,4.297,9.426,0.877,63.400,0.533,0.084,0.927,0.594,0.249
Ukraine,2015,3.965,9.327,0.909,63.700,0.431,-0.033,0.952,0.574,0.241
Ukraine,2016,4.029,9.353,0.885,64.000,0.503,0.011,0.891,0.589,0.220
Ukraine,2017,4.311,9.382,0.858,64.300,0.599,-0.002,0.937,0.597,0.235
Ukraine,2018,4.662,9.420,0.901,64.600,0.663,-0.074,0.943,0.609,0.222
Ukraine,2019,4.702,9.458,0.883,64.900,0.715,-0.081,0.885,0.634,0.201
Ukraine,2020,5.270,9.428,0.885,65.200,0.784,0.126,0.946,0.688,0.285
United Arab Emirates,2011,7.119,10.935,0.881,66.420,0.889,0.071,,0.763,0.216
United Arab Emirates,2012,7.218,10.958,0.856,66.440,0.920,,,0.768,0.224
United Arab Emirates,2013,6.621,11.001,0.864,66.460,0.936,,,,0.291
United Arab Emirates,2014,6.540,11.041,,66.480,,,,,
United Arab Emirates,2015,6.568,11.086,0.824,66.500,0.915,0.201,,0.761,0.296
United Arab Emirates,2016,6.831,11.105,0.849,66.700,0.949,0.131,,0.775,0.245
United Arab Emirates,2017,7.039,11.115,0.836,66.900,0.962,0.216,,0.795,0.208
United Arab Emirates,2018,6.604,11.112,0.851,67.100,0.944,0.054,,0.787,0.302
United Arab Emirates,2019,6.711,11.114,0.862,67.300,0.911,0.129,,0.793,0.284
United Arab Emirates,2020,6.458,11.053,0.827,67.500,0.942,0.060,,0.752,0.298
United Kingdom,2011,6.869,10.657,0.949,71.380,0.900,0.336,0.438,0.844,0.174
United Kingdom,2012,6.881,10.664,0.935,71.460,0.889,0.371,0.425,0.844,0.184
United Kingdom,2013,6.918,10.679,0.937,71.540,0.905,0.346,0.568,0.776,0.252
United Kingdom,2014,6.758,10.697,0.910,71.620,0.857,0.355,0.484,0.794,0.251
United Kingdom,2015,6.515,10.712,0.936,71.700,0.833,0.300,0.456,0.798,0.219
United Kingdom,2016,6.824,10.724,0.954,71.900,0.821,0.250,0.458,0.776,0.230
United Kingdom,2017,7.103,10.736,0.937,72.100,0.813,0.291,0.419,0.759,0.210
United Kingdom,2018,7.233,10.743,0.928,72.300,0.838,0.226,0.404,0.783,0.228
United Kingdom,2019,7.157,10.751,0.943,72.500,0.854,0.271,0.485,0.775,0.251
United Kingdom,2020,6.798,10.626,0.929,72.700,0.885,0.203,0.490,0.758,0.225
United States,2011,7.115,10.913,0.922,68.680,0.863,0.161,0.697,0.836,0.273
United States,2012,7.026,10.928,0.903,68.660,0.823,0.215,0.710,0.834,0.260
United States,2013,7.249,10.939,0.925,68.640,0.792,0.274,0.747,0.814,0.260
United States,2014,7.151,10.956,0.902,68.620,0.866,0.221,0.702,0.834,0.281
United States,2015,6.864,10.977,0.904,68.600,0.849,0.219,0.698,0.814,0.275
United States,2016,6.804,10.986,0.897,68.500,0.758,0.144,0.739,0.806,0.264
United States,2017,6.992,11.001,0.921,68.400,0.868,0.197,0.681,0.827,0.268
United States,2018,6.883,11.025,0.904,68.300,0.825,0.116,0.710,0.815,0.292
United States,2019,6.944,11.043,0.917,68.200,0.836,0.144,0.707,0.815,0.244
United States,2020,7.028,11.001,0.937,68.100,0.850,0.034,0.678,0.787,0.295
Uruguay,2011,6.554,9.830,0.891,68.140,0.851,-0.080,0.556,0.805,0.252
Uruguay,2012,6.450,9.861,0.865,68.280,0.871,0.067,0.615,0.788,0.214
Uruguay,2013,6.444,9.904,0.917,68.420,0.888,-0.043,0.586,0.826,0.253
Uruguay,2014,6.561,9.932,0.902,68.560,0.904,-0.073,0.533,0.869,0.251
Uruguay,2015,6.628,9.932,0.891,68.700,0.917,-0.032,0.673,0.893,0.300
Uruguay,2016,6.171,9.946,0.900,68.800,0.886,-0.072,0.676,0.842,0.283
Uruguay,2017,6.336,9.968,0.914,68.900,0.898,-0.091,0.627,0.836,0.280
Uruguay,2018,6.372,9.980,0.917,69.000,0.876,-0.097,0.683,0.877,0.275
Uruguay,2019,6.600,9.979,0.933,69.100,0.903,-0.095,0.599,0.889,0.222
Uruguay,2020,6.310,9.937,0.921,69.200,0.908,-0.084,0.491,0.807,0.265
Uzbekistan,2011,5.739,8.493,0.924,63.400,0.934,0.042,0.522,0.787,0.123
Uzbekistan,2012,6.019,8.550,0.933,63.600,0.914,-0.037,0.463,0.786,0.118
Uzbekistan,2013,5.940,8.607,0.963,63.800,0.950,-0.034,0.434,0.749,0.130
Uzbekistan,2014,6.049,8.659,0.952,64.000,0.954,0.061,0.536,0.805,0.106
Uzbekistan,2015,5.972,8.714,0.968,64.200,0.980,0.375,0.471,0.840,0.103
Uzbekistan,2016,5.893,8.756,0.945,64.500,0.984,0.208,,0.842,0.147
Uzbekistan,2017,6.421,8.782,0.942,64.800,0.985,0.123,0.465,0.839,0.203
Uzbekistan,2018,6.205,8.818,0.921,65.100,0.970,0.318,0.520,0.825,0.209
Uzbekistan,2019,6.154,8.853,0.915,65.400,0.970,0.304,0.511,0.845,0.220
Venezuela,2011,6.580,9.822,0.931,65.740,0.766,-0.226,0.772,0.828,0.199
Venezuela,2012,7.067,9.826,0.932,65.780,0.804,-0.193,0.743,0.858,0.176
Venezuela,2013,6.553,9.739,0.896,65.820,0.642,-0.220,0.837,0.840,0.238
Venezuela,2014,6.136,9.557,0.904,65.860,0.570,-0.199,0.827,0.811,0.244
Venezuela,2015,5.569,9.001,0.911,65.900,0.512,-0.117,0.813,0.867,0.223
Venezuela,2016,4.041,9.010,0.902,66.100,0.458,-0.155,0.890,0.688,0.392
Venezuela,2017,5.071,9.073,0.896,66.300,0.636,-0.169,0.844,0.726,0.363
Venezuela,2018,5.006,,0.887,66.500,0.611,,0.828,0.759,0.374
Venezuela,2019,5.081,,0.888,66.700,0.626,,0.839,0.761,0.351
Venezuela,2020,4.574,,0.805,66.900,0.612,,0.811,0.722,0.396
Vietnam,2011,5.767,8.585,0.898,66.660,0.818,0.105,0.742,0.532,0.193
Vietnam,2012,5.535,8.626,0.775,66.820,0.856,-0.110,0.815,0.615,0.221
Vietnam,2013,5.023,8.668,0.759,66.980,0.920,-0.027,0.771,0.718,0.165
Vietnam,2014,5.085,8.716,0.792,67.140,,0.000,,0.701,0.241
Vietnam,2015,5.076,8.770,0.849,67.300,,0.086,,0.642,0.232
Vietnam,2016,5.062,8.820,0.876,67.500,0.894,-0.090,0.799,0.536,0.223
Vietnam,2017,5.175,8.876,,67.700,,,,,
Vietnam,2018,5.296,8.934,0.832,67.900,0.909,-0.041,0.808,0.692,0.191
Vietnam,2019,5.467,8.992,0.848,68.100,0.952,-0.126,0.788,0.751,0.186
Yemen,2011,3.746,8.336,0.663,54.300,0.638,-0.173,0.754,0.503,0.285
Yemen,2012,4.061,8.236,0.682,54.300,0.706,-0.171,0.793,0.502,0.263
Yemen,2013,4.218,8.242,0.694,54.300,0.543,-0.179,0.885,0.558,0.266
Yemen,2014,3.968,8.117,0.638,54.300,0.664,-0.157,0.885,0.611,0.276
Yemen,2015,2.983,7.858,0.669,54.300,0.610,-0.139,0.829,0.507,0.321
Yemen,2016,3.826,7.715,0.775,55.100,0.533,-0.151,,0.469,0.228
Yemen,2017,3.254,7.578,0.790,55.900,0.595,-0.147,,0.455,0.295
Yemen,2018,3.058,,0.789,56.700,0.553,,0.793,0.461,0.315
Yemen,2019,4.197,,0.870,57.500,0.651,,0.798,0.543,0.213
Zambia,2011,4.999,8.071,0.864,50.840,0.663,0.003,0.882,0.833,0.204
Zambia,2012,5.013,8.114,0.780,51.580,0.788,0.008,0.806,0.726,0.250
Zambia,2013,5.244,8.131,0.761,52.320,0.770,-0.104,0.732,0.735,0.308
Zambia,2014,4.346,8.146,0.706,53.060,0.812,-0.011,0.809,0.692,0.327
Zambia,2015,4.843,8.144,0.691,53.800,0.759,-0.039,0.871,0.690,0.382
Zambia,2016,4.348,8.151,0.767,54.300,0.812,0.122,0.771,0.731,0.372
Zambia,2017,3.933,8.156,0.744,54.800,0.823,0.140,0.740,0.685,0.387
Zambia,2018,4.041,8.167,0.718,55.300,0.791,0.048,0.811,0.703,0.351
Zambia,2019,3.307,8.155,0.638,55.800,0.811,0.077,0.832,0.743,0.394
Zambia,2020,4.838,8.117,0.767,56.300,0.750,0.056,0.810,0.691,0.345
